GEO.id,GEO.id2,GEO.display-label,D001,D002,D003,D004,D005,D006,D007,D008,D009,D010,D011,D012,D013,D014,D015,D016,D017,D018,D019,D020,D021,D022,D023,D024,D025,D026,D027,D028,D029,D030,D031,D032,D033,D034,D035,D036,D037,D038,D039,D040,D041,D042,D043,D044,D045,D046,D047,D048,D049,D050,D051,D052,D053,D054,D055,D056,D057,D058,D059,D060,D061,D062,D063,D064,D065,D066,D067,D068,D069,D070,D071
Id,Id2,Geography,Total:,Population of one race:,Population of one race: - White alone,Population of one race: - Black or African American alone,Population of one race: - American Indian and Alaska Native alone,Population of one race: - Asian alone,Population of one race: - Native Hawaiian and Other Pacific Islander alone,Population of one race: - Some Other Race alone,Two or More Races:,Two or More Races: - Population of two races:,Two or More Races: - Population of two races: - White; Black or African American,Two or More Races: - Population of two races: - White; American Indian and Alaska Native,Two or More Races: - Population of two races: - White; Asian,Two or More Races: - Population of two races: - White; Native Hawaiian and Other Pacific Islander,Two or More Races: - Population of two races: - White; Some Other Race,Two or More Races: - Population of two races: - Black or African American; American Indian and Alaska Native,Two or More Races: - Population of two races: - Black or African American; Asian,Two or More Races: - Population of two races: - Black or African American; Native Hawaiian and Other Pacific Islander,Two or More Races: - Population of two races: - Black or African American; Some Other Race,Two or More Races: - Population of two races: - American Indian and Alaska Native; Asian,Two or More Races: - Population of two races: - American Indian and Alaska Native; Native Hawaiian and Other Pacific Islander,Two or More Races: - Population of two races: - American Indian and Alaska Native; Some Other Race,Two or More Races: - Population of two races: - Asian; Native Hawaiian and Other Pacific Islander,Two or More Races: - Population of two races: - Asian; Some Other Race,Two or More Races: - Population of two races: - Native Hawaiian and Other Pacific Islander; Some Other Race,Two or More Races: - Population of three races:,Two or More Races: - Population of three races: - White; Black or African American; American Indian and Alaska Native,Two or More Races: - Population of three races: - White; Black or African American; Asian,Two or More Races: - Population of three races: - White; Black or African American; Native Hawaiian and Other Pacific Islander,Two or More Races: - Population of three races: - White; Black or African American; Some Other Race,Two or More Races: - Population of three races: - White; American Indian and Alaska Native; Asian,Two or More Races: - Population of three races: - White; American Indian and Alaska Native; Native Hawaiian and Other Pacific Islander,Two or More Races: - Population of three races: - White; American Indian and Alaska Native; Some Other Race,Two or More Races: - Population of three races: - White; Asian; Native Hawaiian and Other Pacific Islander,Two or More Races: - Population of three races: - White; Asian; Some Other Race,Two or More Races: - Population of three races: - White; Native Hawaiian and Other Pacific Islander; Some Other Race,Two or More Races: - Population of three races: - Black or African American; American Indian and Alaska Native; Asian,Two or More Races: - Population of three races: - Black or African American; American Indian and Alaska Native; Native Hawaiian and Other Pacific Islander,Two or More Races: - Population of three races: - Black or African American; American Indian and Alaska Native; Some Other Race,Two or More Races: - Population of three races: - Black or African American; Asian; Native Hawaiian and Other Pacific Islander,Two or More Races: - Population of three races: - Black or African American; Asian; Some Other Race,Two or More Races: - Population of three races: - Black or African American; Native Hawaiian and Other Pacific Islander; Some Other Race,Two or More Races: - Population of three races: - American Indian and Alaska Native; Asian; Native Hawaiian and Other Pacific Islander,Two or More Races: - Population of three races: - American Indian and Alaska Native; Asian; Some Other Race,Two or More Races: - Population of three races: - American Indian and Alaska Native; Native Hawaiian and Other Pacific Islander; Some Other Race,Two or More Races: - Population of three races: - Asian; Native Hawaiian and Other Pacific Islander; Some Other Race,Two or More Races: - Population of four races:,Two or More Races: - Population of four races: - White; Black or African American; American Indian and Alaska Native; Asian,Two or More Races: - Population of four races: - White; Black or African American; American Indian and Alaska Native; Native Hawaiian and Other Pacific Islander,Two or More Races: - Population of four races: - White; Black or African American; American Indian and Alaska Native; Some Other Race,Two or More Races: - Population of four races: - White; Black or African American; Asian; Native Hawaiian and Other Pacific Islander,Two or More Races: - Population of four races: - White; Black or African American; Asian; Some Other Race,Two or More Races: - Population of four races: - White; Black or African American; Native Hawaiian and Other Pacific Islander; Some Other Race,Two or More Races: - Population of four races: - White; American Indian and Alaska Native; Asian; Native Hawaiian and Other Pacific Islander,Two or More Races: - Population of four races: - White; American Indian and Alaska Native; Asian; Some Other Race,Two or More Races: - Population of four races: - White; American Indian and Alaska Native; Native Hawaiian and Other Pacific Islander; Some Other Race,Two or More Races: - Population of four races: - White; Asian; Native Hawaiian and Other Pacific Islander; Some Other Race,Two or More Races: - Population of four races: - Black or African American; American Indian and Alaska Native; Asian; Native Hawaiian and Other Pacific Islander,Two or More Races: - Population of four races: - Black or African American; American Indian and Alaska Native; Asian; Some Other Race,Two or More Races: - Population of four races: - Black or African American; American Indian and Alaska Native; Native Hawaiian and Other Pacific Islander; Some Other Race,Two or More Races: - Population of four races: - Black or African American; Asian; Native Hawaiian and Other Pacific Islander; Some Other Race,Two or More Races: - Population of four races: - American Indian and Alaska Native; Asian; Native Hawaiian and Other Pacific Islander; Some Other Race,Two or More Races: - Population of five races:,Two or More Races: - Population of five races: - White; Black or African American; American Indian and Alaska Native; Asian; Native Hawaiian and Other Pacific Islander,Two or More Races: - Population of five races: - White; Black or African American; American Indian and Alaska Native; Asian; Some Other Race,Two or More Races: - Population of five races: - White; Black or African American; American Indian and Alaska Native; Native Hawaiian and Other Pacific Islander; Some Other Race,Two or More Races: - Population of five races: - White; Black or African American; Asian; Native Hawaiian and Other Pacific Islander; Some Other Race,Two or More Races: - Population of five races: - White; American Indian and Alaska Native; Asian; Native Hawaiian and Other Pacific Islander;  Some Other Race,Two or More Races: - Population of five races: - Black or African American; American Indian and Alaska Native; Asian; Native Hawaiian and Other Pacific Islander; Some Other Race,Two or More Races: - Population of six races:,Two or More Races: - Population of six races: - White; Black or African American; American Indian and Alaska Native; Asian; Native Hawaiian and Other Pacific Islander; Some Other Race
1400000US44001030100,44001030100,"Census Tract 301, Bristol County, Rhode Island",3334,3306,3192,19,5,68,0,22,28,26,2,7,7,0,3,2,1,0,2,0,0,1,0,1,0,2,1,0,0,0,0,1,0,0,0,0,0,0,0,0,0,0,0,0,0,0,0,0,0,0,0,0,0,0,0,0,0,0,0,0,0,0,0,0,0,0,0,0,0,0,0
1400000US44001030200,44001030200,"Census Tract 302, Bristol County, Rhode Island",2363,2347,2236,19,2,85,0,5,16,14,3,3,4,1,1,0,0,0,0,1,0,0,0,1,0,1,0,0,0,0,0,0,0,0,0,0,0,0,0,0,0,0,1,0,0,0,0,0,0,0,0,0,0,0,0,0,0,0,0,0,0,0,1,0,0,0,0,1,0,0,0
1400000US44001030300,44001030300,"Census Tract 303, Bristol County, Rhode Island",3308,3285,3170,15,1,94,0,5,23,21,5,7,5,1,0,1,1,0,0,0,0,1,0,0,0,2,0,1,0,0,0,0,0,0,0,0,0,0,0,0,0,1,0,0,0,0,0,0,0,0,0,0,0,0,0,0,0,0,0,0,0,0,0,0,0,0,0,0,0,0,0
1400000US44001030400,44001030400,"Census Tract 304, Bristol County, Rhode Island",2708,2690,2637,4,5,39,0,5,18,15,1,3,9,1,1,0,0,0,0,0,0,0,0,0,0,3,2,0,0,0,0,0,0,0,1,0,0,0,0,0,0,0,0,0,0,0,0,0,0,0,0,0,0,0,0,0,0,0,0,0,0,0,0,0,0,0,0,0,0,0,0
1400000US44001030500,44001030500,"Census Tract 305, Bristol County, Rhode Island",2546,2503,2428,36,6,23,1,9,43,41,9,10,3,5,9,3,0,0,1,0,0,0,0,1,0,2,0,0,0,1,0,0,1,0,0,0,0,0,0,0,0,0,0,0,0,0,0,0,0,0,0,0,0,0,0,0,0,0,0,0,0,0,0,0,0,0,0,0,0,0,0
1400000US44001030601,44001030601,"Census Tract 306.01, Bristol County, Rhode Island",2693,2671,2625,22,6,11,1,6,22,21,4,8,4,1,2,0,0,0,0,0,0,2,0,0,0,1,1,0,0,0,0,0,0,0,0,0,0,0,0,0,0,0,0,0,0,0,0,0,0,0,0,0,0,0,0,0,0,0,0,0,0,0,0,0,0,0,0,0,0,0,0
1400000US44001030602,44001030602,"Census Tract 306.02, Bristol County, Rhode Island",3432,3407,3354,23,7,18,0,5,25,21,6,8,4,1,1,0,0,0,0,0,0,0,1,0,0,4,4,0,0,0,0,0,0,0,0,0,0,0,0,0,0,0,0,0,0,0,0,0,0,0,0,0,0,0,0,0,0,0,0,0,0,0,0,0,0,0,0,0,0,0,0
1400000US44001030700,44001030700,"Census Tract 307, Bristol County, Rhode Island",3396,3345,3263,34,6,17,0,25,51,50,6,19,16,3,3,3,0,0,0,0,0,0,0,0,0,1,1,0,0,0,0,0,0,0,0,0,0,0,0,0,0,0,0,0,0,0,0,0,0,0,0,0,0,0,0,0,0,0,0,0,0,0,0,0,0,0,0,0,0,0,0
1400000US44001030800,44001030800,"Census Tract 308, Bristol County, Rhode Island",5121,5048,4900,44,7,69,1,27,73,68,9,21,16,5,9,2,0,0,1,2,0,0,0,2,1,5,0,0,0,2,1,0,0,2,0,0,0,0,0,0,0,0,0,0,0,0,0,0,0,0,0,0,0,0,0,0,0,0,0,0,0,0,0,0,0,0,0,0,0,0,0
1400000US44001030901,44001030901,"Census Tract 309.01, Bristol County, Rhode Island",4962,4930,4832,38,3,43,0,14,32,30,7,13,2,1,5,0,0,0,1,0,0,0,1,0,0,2,1,0,0,1,0,0,0,0,0,0,0,0,0,0,0,0,0,0,0,0,0,0,0,0,0,0,0,0,0,0,0,0,0,0,0,0,0,0,0,0,0,0,0,0,0
1400000US44001030902,44001030902,"Census Tract 309.02, Bristol County, Rhode Island",5852,5806,5730,32,4,30,0,10,46,43,4,22,8,1,3,1,0,0,4,0,0,0,0,0,0,3,0,1,0,1,1,0,0,0,0,0,0,0,0,0,0,0,0,0,0,0,0,0,0,0,0,0,0,0,0,0,0,0,0,0,0,0,0,0,0,0,0,0,0,0,0
1400000US44003020101,44003020101,"Census Tract 201.01, Kent County, Rhode Island",5215,5148,4824,113,13,164,4,30,67,59,10,9,13,2,15,1,1,0,1,0,0,5,0,2,0,7,3,0,0,3,0,0,0,0,0,0,1,0,0,0,0,0,0,0,0,0,1,0,0,1,0,0,0,0,0,0,0,0,0,0,0,0,0,0,0,0,0,0,0,0,0
1400000US44003020102,44003020102,"Census Tract 201.02, Kent County, Rhode Island",3929,3877,3630,78,9,98,1,61,52,49,11,16,5,2,6,6,0,0,2,0,0,0,0,1,0,3,0,0,1,0,0,0,1,0,0,0,0,0,0,0,0,0,1,0,0,0,0,0,0,0,0,0,0,0,0,0,0,0,0,0,0,0,0,0,0,0,0,0,0,0,0
1400000US44003020200,44003020200,"Census Tract 202, Kent County, Rhode Island",4012,3930,3712,66,13,90,1,48,82,74,10,23,14,1,14,6,0,1,1,0,0,3,0,0,1,8,3,0,0,0,0,0,1,0,0,3,0,0,0,0,0,1,0,0,0,0,0,0,0,0,0,0,0,0,0,0,0,0,0,0,0,0,0,0,0,0,0,0,0,0,0
1400000US44003020300,44003020300,"Census Tract 203, Kent County, Rhode Island",4539,4464,4200,113,22,62,0,67,75,69,16,20,5,1,4,12,0,1,7,0,0,2,0,0,1,5,3,0,0,0,1,0,0,0,0,0,1,0,0,0,0,0,0,0,0,0,1,1,0,0,0,0,0,0,0,0,0,0,0,0,0,0,0,0,0,0,0,0,0,0,0
1400000US44003020400,44003020400,"Census Tract 204, Kent County, Rhode Island",2316,2276,2165,40,3,17,0,51,40,40,4,16,6,2,10,2,0,0,0,0,0,0,0,0,0,0,0,0,0,0,0,0,0,0,0,0,0,0,0,0,0,0,0,0,0,0,0,0,0,0,0,0,0,0,0,0,0,0,0,0,0,0,0,0,0,0,0,0,0,0,0
1400000US44003020500,44003020500,"Census Tract 205, Kent County, Rhode Island",3434,3409,3231,56,9,72,0,41,25,23,7,7,5,0,3,0,0,0,1,0,0,0,0,0,0,2,1,0,0,0,0,0,0,1,0,0,0,0,0,0,0,0,0,0,0,0,0,0,0,0,0,0,0,0,0,0,0,0,0,0,0,0,0,0,0,0,0,0,0,0,0
1400000US44003020601,44003020601,"Census Tract 206.01, Kent County, Rhode Island",4641,4603,4490,32,15,36,2,28,38,34,8,6,9,1,4,1,0,0,5,0,0,0,0,0,0,4,2,2,0,0,0,0,0,0,0,0,0,0,0,0,0,0,0,0,0,0,0,0,0,0,0,0,0,0,0,0,0,0,0,0,0,0,0,0,0,0,0,0,0,0,0
1400000US44003020602,44003020602,"Census Tract 206.02, Kent County, Rhode Island",2882,2857,2796,29,5,18,1,8,25,23,5,6,8,0,1,1,0,0,1,0,0,0,1,0,0,2,1,0,1,0,0,0,0,0,0,0,0,0,0,0,0,0,0,0,0,0,0,0,0,0,0,0,0,0,0,0,0,0,0,0,0,0,0,0,0,0,0,0,0,0,0
1400000US44003020603,44003020603,"Census Tract 206.03, Kent County, Rhode Island",5177,5128,5044,16,6,53,0,9,49,48,11,9,17,3,3,2,0,0,0,0,0,0,1,1,1,1,1,0,0,0,0,0,0,0,0,0,0,0,0,0,0,0,0,0,0,0,0,0,0,0,0,0,0,0,0,0,0,0,0,0,0,0,0,0,0,0,0,0,0,0,0
1400000US44003020604,44003020604,"Census Tract 206.04, Kent County, Rhode Island",4094,4048,3983,26,2,16,1,20,46,44,5,11,3,4,5,3,0,0,7,1,3,2,0,0,0,2,0,0,0,0,0,0,0,0,0,0,0,0,2,0,0,0,0,0,0,0,0,0,0,0,0,0,0,0,0,0,0,0,0,0,0,0,0,0,0,0,0,0,0,0,0
1400000US44003020701,44003020701,"Census Tract 207.01, Kent County, Rhode Island",1466,1456,1431,6,4,7,0,8,10,9,3,2,2,1,1,0,0,0,0,0,0,0,0,0,0,1,1,0,0,0,0,0,0,0,0,0,0,0,0,0,0,0,0,0,0,0,0,0,0,0,0,0,0,0,0,0,0,0,0,0,0,0,0,0,0,0,0,0,0,0,0
1400000US44003020702,44003020702,"Census Tract 207.02, Kent County, Rhode Island",3639,3608,3563,16,5,18,1,5,31,28,3,17,5,0,2,0,0,0,0,0,0,0,1,0,0,3,0,0,0,2,0,0,0,1,0,0,0,0,0,0,0,0,0,0,0,0,0,0,0,0,0,0,0,0,0,0,0,0,0,0,0,0,0,0,0,0,0,0,0,0,0
1400000US44003020703,44003020703,"Census Tract 207.03, Kent County, Rhode Island",5345,5309,5219,27,7,37,0,19,36,32,3,6,13,0,5,2,0,0,3,0,0,0,0,0,0,3,0,0,0,3,0,0,0,0,0,0,0,0,0,0,0,0,0,0,0,0,1,0,0,1,0,0,0,0,0,0,0,0,0,0,0,0,0,0,0,0,0,0,0,0,0
1400000US44003020800,44003020800,"Census Tract 208, Kent County, Rhode Island",4658,4625,4493,34,11,65,0,22,33,29,2,12,5,0,4,1,0,0,1,2,0,0,0,2,0,4,2,1,0,1,0,0,0,0,0,0,0,0,0,0,0,0,0,0,0,0,0,0,0,0,0,0,0,0,0,0,0,0,0,0,0,0,0,0,0,0,0,0,0,0,0
1400000US44003020901,44003020901,"Census Tract 209.01, Kent County, Rhode Island",2756,2728,2643,28,4,44,1,8,28,25,3,8,8,0,4,0,0,0,1,0,0,0,1,0,0,3,1,0,0,0,0,0,0,1,1,0,0,0,0,0,0,0,0,0,0,0,0,0,0,0,0,0,0,0,0,0,0,0,0,0,0,0,0,0,0,0,0,0,0,0,0
1400000US44003020903,44003020903,"Census Tract 209.03, Kent County, Rhode Island",4235,4214,3932,34,7,223,1,17,21,20,1,4,6,0,2,3,0,0,2,0,0,1,0,1,0,1,1,0,0,0,0,0,0,0,0,0,0,0,0,0,0,0,0,0,0,0,0,0,0,0,0,0,0,0,0,0,0,0,0,0,0,0,0,0,0,0,0,0,0,0,0
1400000US44003020904,44003020904,"Census Tract 209.04, Kent County, Rhode Island",2719,2704,2589,15,1,93,0,6,15,13,3,4,4,0,0,0,1,0,1,0,0,0,0,0,0,2,0,0,0,0,2,0,0,0,0,0,0,0,0,0,0,0,0,0,0,0,0,0,0,0,0,0,0,0,0,0,0,0,0,0,0,0,0,0,0,0,0,0,0,0,0
1400000US44003021001,44003021001,"Census Tract 210.01, Kent County, Rhode Island",2011,1966,1830,39,8,62,0,27,45,43,5,12,4,2,10,5,2,0,1,0,0,2,0,0,0,2,0,0,0,1,0,0,0,0,0,0,0,0,0,0,0,0,0,0,1,0,0,0,0,0,0,0,0,0,0,0,0,0,0,0,0,0,0,0,0,0,0,0,0,0,0
1400000US44003021002,44003021002,"Census Tract 210.02, Kent County, Rhode Island",4016,3961,3795,71,5,44,1,45,55,52,8,10,10,0,4,7,0,0,11,0,0,0,0,0,2,2,2,0,0,0,0,0,0,0,0,0,0,0,0,0,0,0,0,0,0,0,1,1,0,0,0,0,0,0,0,0,0,0,0,0,0,0,0,0,0,0,0,0,0,0,0
1400000US44003021100,44003021100,"Census Tract 211, Kent County, Rhode Island",4226,4155,3840,129,11,89,0,86,71,67,5,20,9,1,9,7,0,0,5,0,0,0,1,6,4,4,1,0,0,1,2,0,0,0,0,0,0,0,0,0,0,0,0,0,0,0,0,0,0,0,0,0,0,0,0,0,0,0,0,0,0,0,0,0,0,0,0,0,0,0,0
1400000US44003021200,44003021200,"Census Tract 212, Kent County, Rhode Island",2925,2880,2676,58,22,97,0,27,45,42,6,9,1,5,5,5,2,0,2,0,0,1,0,6,0,3,2,0,0,0,0,0,0,0,1,0,0,0,0,0,0,0,0,0,0,0,0,0,0,0,0,0,0,0,0,0,0,0,0,0,0,0,0,0,0,0,0,0,0,0,0
1400000US44003021300,44003021300,"Census Tract 213, Kent County, Rhode Island",3901,3860,3760,45,4,22,0,29,41,36,5,7,4,0,11,4,0,0,5,0,0,0,0,0,0,5,4,0,0,0,0,0,0,0,0,0,1,0,0,0,0,0,0,0,0,0,0,0,0,0,0,0,0,0,0,0,0,0,0,0,0,0,0,0,0,0,0,0,0,0,0
1400000US44003021401,44003021401,"Census Tract 214.01, Kent County, Rhode Island",3130,3091,2954,51,3,54,0,29,39,39,3,6,13,0,1,9,0,0,1,1,0,0,2,3,0,0,0,0,0,0,0,0,0,0,0,0,0,0,0,0,0,0,0,0,0,0,0,0,0,0,0,0,0,0,0,0,0,0,0,0,0,0,0,0,0,0,0,0,0,0,0
1400000US44003021402,44003021402,"Census Tract 214.02, Kent County, Rhode Island",2896,2860,2725,57,6,47,1,24,36,35,8,7,7,0,5,5,0,0,0,0,0,0,1,2,0,1,0,0,0,0,0,0,0,0,0,0,0,0,1,0,0,0,0,0,0,0,0,0,0,0,0,0,0,0,0,0,0,0,0,0,0,0,0,0,0,0,0,0,0,0,0
1400000US44003021501,44003021501,"Census Tract 215.01, Kent County, Rhode Island",2502,2466,2358,41,9,30,2,26,36,33,6,11,10,0,3,2,0,0,0,0,0,1,0,0,0,3,2,0,0,0,0,0,1,0,0,0,0,0,0,0,0,0,0,0,0,0,0,0,0,0,0,0,0,0,0,0,0,0,0,0,0,0,0,0,0,0,0,0,0,0,0
1400000US44003021502,44003021502,"Census Tract 215.02, Kent County, Rhode Island",3351,3306,3180,29,5,57,0,35,45,43,10,8,11,0,8,2,0,0,0,0,0,0,0,4,0,2,2,0,0,0,0,0,0,0,0,0,0,0,0,0,0,0,0,0,0,0,0,0,0,0,0,0,0,0,0,0,0,0,0,0,0,0,0,0,0,0,0,0,0,0,0
1400000US44003021600,44003021600,"Census Tract 216, Kent County, Rhode Island",1240,1230,1196,8,1,20,0,5,10,10,2,6,1,0,1,0,0,0,0,0,0,0,0,0,0,0,0,0,0,0,0,0,0,0,0,0,0,0,0,0,0,0,0,0,0,0,0,0,0,0,0,0,0,0,0,0,0,0,0,0,0,0,0,0,0,0,0,0,0,0,0
1400000US44003021700,44003021700,"Census Tract 217, Kent County, Rhode Island",3846,3786,3555,68,20,98,2,43,60,52,18,18,6,0,2,4,0,0,3,0,0,1,0,0,0,7,3,0,0,1,0,0,0,1,0,0,0,0,1,0,0,1,0,0,0,0,1,0,0,1,0,0,0,0,0,0,0,0,0,0,0,0,0,0,0,0,0,0,0,0,0
1400000US44003021800,44003021800,"Census Tract 218, Kent County, Rhode Island",3353,3302,3094,77,13,78,2,38,51,47,6,10,4,2,11,11,0,0,0,0,0,0,0,1,2,4,1,0,0,0,0,0,0,1,0,0,0,0,0,0,1,1,0,0,0,0,0,0,0,0,0,0,0,0,0,0,0,0,0,0,0,0,0,0,0,0,0,0,0,0,0
1400000US44003021901,44003021901,"Census Tract 219.01, Kent County, Rhode Island",2828,2803,2698,34,20,31,1,19,25,23,3,7,3,0,8,1,1,0,0,0,0,0,0,0,0,2,1,0,0,0,0,0,0,1,0,0,0,0,0,0,0,0,0,0,0,0,0,0,0,0,0,0,0,0,0,0,0,0,0,0,0,0,0,0,0,0,0,0,0,0,0
1400000US44003021902,44003021902,"Census Tract 219.02, Kent County, Rhode Island",2190,2166,2058,22,3,44,0,39,24,24,4,9,3,0,7,1,0,0,0,0,0,0,0,0,0,0,0,0,0,0,0,0,0,0,0,0,0,0,0,0,0,0,0,0,0,0,0,0,0,0,0,0,0,0,0,0,0,0,0,0,0,0,0,0,0,0,0,0,0,0,0
1400000US44003021903,44003021903,"Census Tract 219.03, Kent County, Rhode Island",3216,3180,3076,38,13,38,0,15,36,36,5,16,5,0,7,2,0,0,1,0,0,0,0,0,0,0,0,0,0,0,0,0,0,0,0,0,0,0,0,0,0,0,0,0,0,0,0,0,0,0,0,0,0,0,0,0,0,0,0,0,0,0,0,0,0,0,0,0,0,0,0
1400000US44003022000,44003022000,"Census Tract 220, Kent County, Rhode Island",2871,2848,2758,33,9,29,3,16,23,21,4,4,5,1,0,0,0,0,5,1,1,0,0,0,0,2,1,0,0,0,0,0,0,0,0,0,0,0,0,1,0,0,0,0,0,0,0,0,0,0,0,0,0,0,0,0,0,0,0,0,0,0,0,0,0,0,0,0,0,0,0
1400000US44003022100,44003022100,"Census Tract 221, Kent County, Rhode Island",4511,4481,4353,35,4,61,0,28,30,26,5,5,6,1,4,1,0,1,2,0,0,0,1,0,0,4,3,0,0,0,0,0,0,0,0,1,0,0,0,0,0,0,0,0,0,0,0,0,0,0,0,0,0,0,0,0,0,0,0,0,0,0,0,0,0,0,0,0,0,0,0
1400000US44003022201,44003022201,"Census Tract 222.01, Kent County, Rhode Island",5403,5339,5009,94,9,185,0,42,64,54,7,14,13,3,6,2,0,0,1,2,0,0,0,5,1,10,9,0,0,0,0,0,0,0,0,0,1,0,0,0,0,0,0,0,0,0,0,0,0,0,0,0,0,0,0,0,0,0,0,0,0,0,0,0,0,0,0,0,0,0,0
1400000US44003022202,44003022202,"Census Tract 222.02, Kent County, Rhode Island",3170,3126,2871,58,3,178,0,16,44,38,8,11,8,0,7,0,2,0,2,0,0,0,0,0,0,6,5,0,0,1,0,0,0,0,0,0,0,0,0,0,0,0,0,0,0,0,0,0,0,0,0,0,0,0,0,0,0,0,0,0,0,0,0,0,0,0,0,0,0,0,0
1400000US44003022300,44003022300,"Census Tract 223, Kent County, Rhode Island",3517,3466,3205,68,10,119,2,62,51,45,3,12,7,0,12,1,1,0,4,1,1,1,0,2,0,4,3,0,0,1,0,0,0,0,0,0,0,0,0,0,0,0,0,0,0,0,2,0,0,2,0,0,0,0,0,0,0,0,0,0,0,0,0,0,0,0,0,0,0,0,0
1400000US44003022400,44003022400,"Census Tract 224, Kent County, Rhode Island",1741,1723,1685,6,12,17,0,3,18,18,4,5,1,0,4,2,0,0,1,0,0,0,1,0,0,0,0,0,0,0,0,0,0,0,0,0,0,0,0,0,0,0,0,0,0,0,0,0,0,0,0,0,0,0,0,0,0,0,0,0,0,0,0,0,0,0,0,0,0,0,0
1400000US44003980000,44003980000,"Census Tract 9800, Kent County, Rhode Island",3,3,3,0,0,0,0,0,0,0,0,0,0,0,0,0,0,0,0,0,0,0,0,0,0,0,0,0,0,0,0,0,0,0,0,0,0,0,0,0,0,0,0,0,0,0,0,0,0,0,0,0,0,0,0,0,0,0,0,0,0,0,0,0,0,0,0,0,0,0,0
1400000US44005040101,44005040101,"Census Tract 401.01, Newport County, Rhode Island",3828,3787,3681,41,9,43,0,13,41,38,8,12,11,1,4,0,1,0,0,0,0,0,0,1,0,3,2,0,1,0,0,0,0,0,0,0,0,0,0,0,0,0,0,0,0,0,0,0,0,0,0,0,0,0,0,0,0,0,0,0,0,0,0,0,0,0,0,0,0,0,0
1400000US44005040102,44005040102,"Census Tract 401.02, Newport County, Rhode Island",4465,4436,4314,31,6,70,2,13,29,23,3,8,7,0,2,0,0,0,2,0,0,0,1,0,0,6,4,0,0,0,0,1,0,0,0,1,0,0,0,0,0,0,0,0,0,0,0,0,0,0,0,0,0,0,0,0,0,0,0,0,0,0,0,0,0,0,0,0,0,0,0
1400000US44005040103,44005040103,"Census Tract 401.03, Newport County, Rhode Island",5100,5038,4802,104,6,102,4,20,62,55,10,11,23,0,8,1,1,0,0,1,0,0,0,0,0,6,4,0,0,0,1,1,0,0,0,0,0,0,0,0,0,0,0,0,0,0,1,0,0,1,0,0,0,0,0,0,0,0,0,0,0,0,0,0,0,0,0,0,0,0,0
1400000US44005040200,44005040200,"Census Tract 402, Newport County, Rhode Island",785,748,595,65,4,59,0,25,37,34,1,5,7,1,12,6,0,0,0,0,0,0,0,2,0,3,0,1,0,0,0,0,0,0,2,0,0,0,0,0,0,0,0,0,0,0,0,0,0,0,0,0,0,0,0,0,0,0,0,0,0,0,0,0,0,0,0,0,0,0,0
1400000US44005040302,44005040302,"Census Tract 403.02, Newport County, Rhode Island",2033,2011,1846,93,4,52,0,16,22,20,6,2,7,1,2,0,0,0,1,0,1,0,0,0,0,1,1,0,0,0,0,0,0,0,0,0,0,0,0,0,0,0,0,0,0,0,1,0,0,0,1,0,0,0,0,0,0,0,0,0,0,0,0,0,0,0,0,0,0,0,0
1400000US44005040303,44005040303,"Census Tract 403.03, Newport County, Rhode Island",2253,2190,1807,183,11,111,15,63,63,56,14,5,16,0,3,6,0,0,1,0,0,7,0,4,0,7,4,0,0,0,0,0,1,0,0,0,0,0,2,0,0,0,0,0,0,0,0,0,0,0,0,0,0,0,0,0,0,0,0,0,0,0,0,0,0,0,0,0,0,0,0
1400000US44005040304,44005040304,"Census Tract 403.04, Newport County, Rhode Island",2286,2239,2027,108,7,65,1,31,47,36,13,1,7,0,5,4,0,0,0,0,0,3,0,3,0,10,6,1,0,1,0,0,0,1,0,0,0,0,0,0,1,0,0,0,0,0,1,1,0,0,0,0,0,0,0,0,0,0,0,0,0,0,0,0,0,0,0,0,0,0,0
1400000US44005040400,44005040400,"Census Tract 404, Newport County, Rhode Island",5141,5093,4884,100,8,71,2,28,48,39,2,2,14,3,4,1,2,0,0,0,0,1,3,7,0,7,3,0,0,1,0,0,0,1,0,0,1,0,1,0,0,0,0,0,0,0,0,0,0,0,0,0,0,0,0,0,0,0,0,0,0,0,2,0,2,0,0,0,0,0,0
1400000US44005040500,44005040500,"Census Tract 405, Newport County, Rhode Island",2983,2796,2162,410,51,45,0,128,187,161,56,28,21,2,12,22,1,0,8,0,1,4,0,3,3,22,11,0,0,2,1,0,3,0,0,0,0,0,4,0,1,0,0,0,0,0,3,1,0,1,0,0,0,0,0,0,0,1,0,0,0,0,1,0,1,0,0,0,0,0,0
1400000US44005040600,44005040600,"Census Tract 406, Newport County, Rhode Island",3635,3474,2968,280,16,33,7,170,161,147,36,22,32,2,24,6,0,0,13,0,0,2,0,0,10,12,5,0,2,0,0,0,0,0,3,0,0,0,1,0,0,1,0,0,0,0,2,0,0,2,0,0,0,0,0,0,0,0,0,0,0,0,0,0,0,0,0,0,0,0,0
1400000US44005040700,44005040700,"Census Tract 407, Newport County, Rhode Island",2839,2797,2649,74,12,27,1,34,42,41,8,6,5,1,7,10,1,0,0,1,0,0,2,0,0,1,0,0,0,0,0,0,0,1,0,0,0,0,0,0,0,0,0,0,0,0,0,0,0,0,0,0,0,0,0,0,0,0,0,0,0,0,0,0,0,0,0,0,0,0,0
1400000US44005040800,44005040800,"Census Tract 408, Newport County, Rhode Island",2225,2182,1980,93,20,29,2,58,43,40,11,15,4,1,5,3,0,0,0,0,0,0,1,0,0,3,2,0,0,1,0,0,0,0,0,0,0,0,0,0,0,0,0,0,0,0,0,0,0,0,0,0,0,0,0,0,0,0,0,0,0,0,0,0,0,0,0,0,0,0,0
1400000US44005040900,44005040900,"Census Tract 409, Newport County, Rhode Island",4079,4041,3860,64,10,55,0,52,38,35,8,10,9,1,3,1,0,0,2,0,0,1,0,0,0,3,0,0,0,0,0,0,0,1,0,0,0,1,0,0,0,0,0,0,0,1,0,0,0,0,0,0,0,0,0,0,0,0,0,0,0,0,0,0,0,0,0,0,0,0,0
1400000US44005041000,44005041000,"Census Tract 410, Newport County, Rhode Island",1817,1789,1687,51,10,22,1,18,28,26,6,6,6,1,4,2,0,0,1,0,0,0,0,0,0,2,0,0,0,0,0,0,0,2,0,0,0,0,0,0,0,0,0,0,0,0,0,0,0,0,0,0,0,0,0,0,0,0,0,0,0,0,0,0,0,0,0,0,0,0,0
1400000US44005041100,44005041100,"Census Tract 411, Newport County, Rhode Island",1300,1267,1150,55,5,18,1,38,33,30,9,6,7,0,2,2,0,0,1,0,0,1,0,1,1,3,2,0,0,0,0,0,0,0,0,0,0,0,0,1,0,0,0,0,0,0,0,0,0,0,0,0,0,0,0,0,0,0,0,0,0,0,0,0,0,0,0,0,0,0,0
1400000US44005041200,44005041200,"Census Tract 412, Newport County, Rhode Island",1711,1617,1174,292,17,77,8,49,94,85,22,15,26,1,7,6,3,0,3,0,1,1,0,0,0,8,6,0,0,0,0,0,0,1,0,0,0,0,0,1,0,0,0,0,0,0,1,0,0,0,0,0,0,0,0,0,0,1,0,0,0,0,0,0,0,0,0,0,0,0,0
1400000US44005041300,44005041300,"Census Tract 413, Newport County, Rhode Island",4362,4309,4235,25,8,24,2,15,53,43,4,15,10,0,6,4,0,0,0,0,0,0,0,4,0,6,3,1,0,0,0,0,0,2,0,0,0,0,0,0,0,0,0,0,0,0,2,1,0,0,0,0,0,0,0,0,0,0,0,1,0,0,2,2,0,0,0,0,0,0,0
1400000US44005041400,44005041400,"Census Tract 414, Newport County, Rhode Island",2838,2824,2795,13,3,8,1,4,14,12,2,7,2,0,1,0,0,0,0,0,0,0,0,0,0,2,0,0,0,0,0,0,0,1,1,0,0,0,0,0,0,0,0,0,0,0,0,0,0,0,0,0,0,0,0,0,0,0,0,0,0,0,0,0,0,0,0,0,0,0,0
1400000US44005041601,44005041601,"Census Tract 416.01, Newport County, Rhode Island",2482,2452,2379,40,5,20,0,8,30,26,8,5,6,0,1,3,1,0,0,0,0,2,0,0,0,4,1,0,0,0,0,0,0,1,2,0,0,0,0,0,0,0,0,0,0,0,0,0,0,0,0,0,0,0,0,0,0,0,0,0,0,0,0,0,0,0,0,0,0,0,0
1400000US44005041602,44005041602,"Census Tract 416.02, Newport County, Rhode Island",3641,3613,3543,23,3,34,0,10,28,28,7,7,8,2,2,0,0,0,0,0,1,0,1,0,0,0,0,0,0,0,0,0,0,0,0,0,0,0,0,0,0,0,0,0,0,0,0,0,0,0,0,0,0,0,0,0,0,0,0,0,0,0,0,0,0,0,0,0,0,0,0
1400000US44005041701,44005041701,"Census Tract 417.01, Newport County, Rhode Island",2676,2646,2595,16,7,24,0,4,30,29,4,9,3,8,4,0,0,0,1,0,0,0,0,0,0,1,0,0,0,1,0,0,0,0,0,0,0,0,0,0,0,0,0,0,0,0,0,0,0,0,0,0,0,0,0,0,0,0,0,0,0,0,0,0,0,0,0,0,0,0,0
1400000US44005041702,44005041702,"Census Tract 417.02, Newport County, Rhode Island",3983,3969,3917,23,4,22,0,3,14,14,3,2,4,0,0,1,0,0,2,1,0,0,0,0,1,0,0,0,0,0,0,0,0,0,0,0,0,0,0,0,0,0,0,0,0,0,0,0,0,0,0,0,0,0,0,0,0,0,0,0,0,0,0,0,0,0,0,0,0,0,0
1400000US44005990000,44005990000,"Census Tract 9900, Newport County, Rhode Island",0,0,0,0,0,0,0,0,0,0,0,0,0,0,0,0,0,0,0,0,0,0,0,0,0,0,0,0,0,0,0,0,0,0,0,0,0,0,0,0,0,0,0,0,0,0,0,0,0,0,0,0,0,0,0,0,0,0,0,0,0,0,0,0,0,0,0,0,0,0,0
1400000US44007000101,44007000101,"Census Tract 1.01, Providence County, Rhode Island",4015,3810,2249,727,40,173,5,616,205,184,37,14,27,10,26,18,3,0,35,0,0,10,0,2,2,21,12,0,1,0,0,0,2,0,0,0,0,0,5,0,0,0,0,1,0,0,0,0,0,0,0,0,0,0,0,0,0,0,0,0,0,0,0,0,0,0,0,0,0,0,0
1400000US44007000102,44007000102,"Census Tract 1.02, Providence County, Rhode Island",3833,3542,1416,936,52,264,3,871,291,270,99,12,14,0,49,31,1,1,31,5,0,9,0,7,11,20,5,2,1,3,0,0,0,0,0,1,0,0,4,0,1,2,0,1,0,0,1,1,0,0,0,0,0,0,0,0,0,0,0,0,0,0,0,0,0,0,0,0,0,0,0
1400000US44007000200,44007000200,"Census Tract 2, Providence County, Rhode Island",4572,4165,1221,968,89,327,7,1553,407,364,91,8,7,1,91,30,9,3,74,5,0,22,1,6,16,41,18,0,0,8,0,0,0,0,6,1,0,1,5,0,0,1,0,1,0,0,1,1,0,0,0,0,0,0,0,0,0,0,0,0,0,0,1,0,0,0,1,0,0,0,0
1400000US44007000300,44007000300,"Census Tract 3, Providence County, Rhode Island",4723,4406,1368,1160,90,314,5,1469,317,292,48,13,13,1,84,34,3,3,57,0,0,11,0,13,12,24,13,3,0,4,0,0,0,0,0,0,0,0,2,0,0,1,0,1,0,0,1,0,0,0,0,0,0,0,0,0,1,0,0,0,0,0,0,0,0,0,0,0,0,0,0
1400000US44007000400,44007000400,"Census Tract 4, Providence County, Rhode Island",2414,2214,505,705,63,85,3,853,200,181,27,6,4,1,48,31,3,0,43,1,0,8,0,1,8,17,8,0,0,1,1,0,0,0,0,2,0,0,0,0,0,0,0,1,4,0,2,1,1,0,0,0,0,0,0,0,0,0,0,0,0,0,0,0,0,0,0,0,0,0,0
1400000US44007000500,44007000500,"Census Tract 5, Providence County, Rhode Island",1965,1833,356,647,54,49,1,726,132,127,13,1,1,1,46,23,4,1,22,1,0,6,0,1,7,5,0,0,0,2,0,0,0,0,0,0,0,0,0,2,1,0,0,0,0,0,0,0,0,0,0,0,0,0,0,0,0,0,0,0,0,0,0,0,0,0,0,0,0,0,0
1400000US44007000600,44007000600,"Census Tract 6, Providence County, Rhode Island",1179,1102,431,365,14,45,1,246,77,75,7,7,4,1,17,16,0,3,17,0,1,1,0,1,0,2,0,0,0,2,0,0,0,0,0,0,0,0,0,0,0,0,0,0,0,0,0,0,0,0,0,0,0,0,0,0,0,0,0,0,0,0,0,0,0,0,0,0,0,0,0
1400000US44007000700,44007000700,"Census Tract 7, Providence County, Rhode Island",1910,1743,479,755,40,49,4,416,167,142,15,9,2,1,34,30,0,2,41,0,0,6,0,2,0,24,20,0,0,1,0,0,0,0,0,0,0,0,2,0,0,1,0,0,0,0,1,0,0,1,0,0,0,0,0,0,0,0,0,0,0,0,0,0,0,0,0,0,0,0,0
1400000US44007000800,44007000800,"Census Tract 8, Providence County, Rhode Island",4441,4261,2766,442,31,777,5,240,180,168,39,5,42,2,22,18,5,0,21,1,0,3,1,8,1,12,2,0,0,2,0,0,1,1,1,1,0,1,0,0,2,0,0,1,0,0,0,0,0,0,0,0,0,0,0,0,0,0,0,0,0,0,0,0,0,0,0,0,0,0,0
1400000US44007000900,44007000900,"Census Tract 9, Providence County, Rhode Island",2073,1981,1345,246,21,161,0,208,92,85,14,8,17,1,26,2,2,2,6,0,0,3,1,2,1,7,2,1,0,0,0,0,0,0,0,1,0,0,1,1,0,0,0,0,0,1,0,0,0,0,0,0,0,0,0,0,0,0,0,0,0,0,0,0,0,0,0,0,0,0,0
1400000US44007001000,44007001000,"Census Tract 10, Providence County, Rhode Island",2004,1889,1161,311,28,63,3,323,115,96,14,5,8,1,27,8,1,1,13,1,1,7,2,6,1,19,8,0,1,0,0,0,3,0,2,0,0,0,5,0,0,0,0,0,0,0,0,0,0,0,0,0,0,0,0,0,0,0,0,0,0,0,0,0,0,0,0,0,0,0,0
1400000US44007001100,44007001100,"Census Tract 11, Providence County, Rhode Island",2138,2055,1463,199,10,201,2,180,83,79,15,13,8,3,20,4,0,0,10,2,0,2,0,2,0,4,2,0,0,0,0,0,0,0,2,0,0,0,0,0,0,0,0,0,0,0,0,0,0,0,0,0,0,0,0,0,0,0,0,0,0,0,0,0,0,0,0,0,0,0,0
1400000US44007001200,44007001200,"Census Tract 12, Providence County, Rhode Island",2050,1898,730,459,41,71,2,595,152,134,9,4,8,0,42,22,4,0,25,1,1,12,0,5,1,18,7,0,0,2,0,0,1,0,1,0,0,0,6,0,0,0,0,1,0,0,0,0,0,0,0,0,0,0,0,0,0,0,0,0,0,0,0,0,0,0,0,0,0,0,0
1400000US44007001300,44007001300,"Census Tract 13, Providence County, Rhode Island",3191,3003,1505,343,52,362,2,739,188,175,28,11,8,2,52,14,0,0,17,5,0,6,0,28,4,12,3,0,0,2,0,0,0,1,1,4,0,0,1,0,0,0,0,0,0,0,1,0,0,0,0,0,0,0,0,0,0,0,0,0,0,1,0,0,0,0,0,0,0,0,0
1400000US44007001400,44007001400,"Census Tract 14, Providence County, Rhode Island",4633,4291,1210,809,98,669,9,1496,342,321,42,14,16,0,128,36,4,1,41,3,0,19,2,8,7,19,8,1,0,4,0,0,1,0,0,1,0,1,0,0,1,0,0,2,0,0,0,0,0,0,0,0,0,0,0,0,0,0,0,0,0,0,0,0,0,0,0,0,0,2,2
1400000US44007001500,44007001500,"Census Tract 15, Providence County, Rhode Island",2254,2163,957,383,23,318,6,476,91,81,14,0,9,2,14,10,2,0,17,1,0,1,0,8,3,10,3,0,0,5,0,0,0,0,0,0,0,0,1,0,0,1,0,0,0,0,0,0,0,0,0,0,0,0,0,0,0,0,0,0,0,0,0,0,0,0,0,0,0,0,0
1400000US44007001600,44007001600,"Census Tract 16, Providence County, Rhode Island",5830,5441,2205,699,74,239,18,2206,389,362,33,18,8,1,195,29,0,1,39,2,0,16,0,15,5,24,0,3,0,0,0,0,8,0,0,0,0,0,1,0,0,2,0,9,1,0,0,0,0,0,0,0,0,0,0,0,0,0,0,0,0,0,3,0,3,0,0,0,0,0,0
1400000US44007001700,44007001700,"Census Tract 17, Providence County, Rhode Island",2634,2479,1371,228,28,73,4,775,155,143,16,5,16,0,73,12,1,0,12,0,0,5,0,1,2,5,0,0,0,3,0,0,1,0,0,0,0,0,0,0,0,1,0,0,0,0,7,0,0,7,0,0,0,0,0,0,0,0,0,0,0,0,0,0,0,0,0,0,0,0,0
1400000US44007001800,44007001800,"Census Tract 18, Providence County, Rhode Island",4673,4433,2132,632,68,248,3,1350,240,225,29,4,10,0,103,11,0,2,41,4,0,10,0,3,8,13,3,1,0,1,0,0,1,0,0,2,0,0,4,0,0,0,0,1,0,0,2,0,0,0,0,0,1,0,0,1,0,0,0,0,0,0,0,0,0,0,0,0,0,0,0
1400000US44007001900,44007001900,"Census Tract 19, Providence County, Rhode Island",3803,3515,1552,553,119,150,11,1130,288,263,42,24,6,0,92,16,0,0,29,0,0,45,1,5,3,19,3,0,1,2,0,0,2,0,1,0,0,0,1,0,1,0,0,6,2,0,6,0,0,4,0,0,0,0,1,0,0,0,1,0,0,0,0,0,0,0,0,0,0,0,0
1400000US44007002000,44007002000,"Census Tract 20, Providence County, Rhode Island",4751,4538,2698,746,50,170,16,858,213,188,42,14,11,3,44,27,1,1,21,1,0,6,2,3,12,24,14,1,0,2,2,0,0,1,1,0,0,0,2,0,0,1,0,0,0,0,1,1,0,0,0,0,0,0,0,0,0,0,0,0,0,0,0,0,0,0,0,0,0,0,0
1400000US44007002101,44007002101,"Census Tract 21.01, Providence County, Rhode Island",1947,1870,1151,307,17,33,2,360,77,73,18,3,2,0,18,14,1,0,15,0,0,1,0,0,1,4,1,0,0,2,0,0,1,0,0,0,0,0,0,0,0,0,0,0,0,0,0,0,0,0,0,0,0,0,0,0,0,0,0,0,0,0,0,0,0,0,0,0,0,0,0
1400000US44007002102,44007002102,"Census Tract 21.02, Providence County, Rhode Island",4057,3852,1873,722,51,142,15,1049,205,184,47,20,7,3,44,17,0,2,24,0,0,12,0,2,6,18,4,0,0,3,0,0,1,1,1,0,0,0,8,0,0,0,0,0,0,0,3,0,0,2,0,0,1,0,0,0,0,0,0,0,0,0,0,0,0,0,0,0,0,0,0
1400000US44007002200,44007002200,"Census Tract 22, Providence County, Rhode Island",3219,2969,1249,619,65,139,5,892,250,230,56,14,5,0,87,14,2,0,32,1,0,7,1,7,4,19,6,0,0,10,0,0,0,0,0,0,0,0,0,0,1,0,0,1,1,0,1,0,0,1,0,0,0,0,0,0,0,0,0,0,0,0,0,0,0,0,0,0,0,0,0
1400000US44007002300,44007002300,"Census Tract 23, Providence County, Rhode Island",4419,4315,3384,411,17,106,0,397,104,100,18,1,20,1,33,13,1,1,11,0,0,0,0,0,1,4,3,0,0,0,0,0,0,0,0,0,0,0,0,0,0,1,0,0,0,0,0,0,0,0,0,0,0,0,0,0,0,0,0,0,0,0,0,0,0,0,0,0,0,0,0
1400000US44007002400,44007002400,"Census Tract 24, Providence County, Rhode Island",5917,5798,5135,350,13,108,2,190,119,110,29,11,15,3,23,15,0,0,11,0,0,1,1,0,1,8,5,1,0,0,1,1,0,0,0,0,0,0,0,0,0,0,0,0,0,0,1,0,0,1,0,0,0,0,0,0,0,0,0,0,0,0,0,0,0,0,0,0,0,0,0
1400000US44007002500,44007002500,"Census Tract 25, Providence County, Rhode Island",2368,2242,1388,259,15,311,4,265,126,110,19,5,16,1,37,8,2,0,11,1,0,2,0,5,3,16,5,0,0,9,0,0,0,0,0,0,0,0,2,0,0,0,0,0,0,0,0,0,0,0,0,0,0,0,0,0,0,0,0,0,0,0,0,0,0,0,0,0,0,0,0
1400000US44007002600,44007002600,"Census Tract 26, Providence County, Rhode Island",2243,2093,926,549,54,229,2,333,150,146,18,4,9,3,40,14,2,0,23,6,0,19,0,4,4,4,2,0,0,0,0,0,0,0,0,0,0,0,0,2,0,0,0,0,0,0,0,0,0,0,0,0,0,0,0,0,0,0,0,0,0,0,0,0,0,0,0,0,0,0,0
1400000US44007002700,44007002700,"Census Tract 27, Providence County, Rhode Island",4208,3998,2317,824,80,140,3,634,210,187,38,15,7,0,36,28,3,1,29,1,0,11,0,2,16,21,12,0,0,3,0,0,1,0,0,0,0,0,4,0,1,0,0,0,0,0,2,0,0,1,0,0,0,0,0,1,0,0,0,0,0,0,0,0,0,0,0,0,0,0,0
1400000US44007002800,44007002800,"Census Tract 28, Providence County, Rhode Island",4328,4111,2290,988,71,117,3,642,217,192,35,23,7,1,43,37,2,1,23,0,2,11,2,1,4,24,11,0,0,4,0,0,1,0,0,0,0,0,3,0,1,3,1,0,0,0,1,0,0,0,0,0,0,0,0,0,0,0,0,1,0,0,0,0,0,0,0,0,0,0,0
1400000US44007002900,44007002900,"Census Tract 29, Providence County, Rhode Island",5048,4803,3010,829,38,124,4,798,245,223,32,17,14,6,43,19,0,3,69,0,0,6,1,3,10,18,15,0,0,1,0,0,0,1,0,0,0,0,1,0,0,0,0,0,0,0,3,2,0,1,0,0,0,0,0,0,0,0,0,0,0,0,1,1,0,0,0,0,0,0,0
1400000US44007003100,44007003100,"Census Tract 31, Providence County, Rhode Island",3719,3490,2294,613,34,311,2,236,229,202,26,16,27,1,15,50,2,4,41,2,0,6,5,3,4,24,15,0,0,4,0,0,0,0,0,1,2,0,0,1,0,0,0,0,1,0,3,0,0,0,0,0,0,1,0,0,0,0,0,0,2,0,0,0,0,0,0,0,0,0,0
1400000US44007003200,44007003200,"Census Tract 32, Providence County, Rhode Island",2589,2467,1852,316,13,106,0,180,122,104,12,8,8,0,15,12,0,0,41,0,0,0,1,1,6,16,8,1,0,2,0,0,0,0,0,0,1,0,3,0,0,1,0,0,0,0,2,0,0,2,0,0,0,0,0,0,0,0,0,0,0,0,0,0,0,0,0,0,0,0,0
1400000US44007003300,44007003300,"Census Tract 33, Providence County, Rhode Island",3459,3350,2859,234,19,150,2,86,109,99,11,18,21,0,16,5,3,0,20,0,0,1,2,1,1,8,7,0,0,1,0,0,0,0,0,0,0,0,0,0,0,0,0,0,0,0,2,2,0,0,0,0,0,0,0,0,0,0,0,0,0,0,0,0,0,0,0,0,0,0,0
1400000US44007003400,44007003400,"Census Tract 34, Providence County, Rhode Island",3789,3753,3497,51,5,182,1,17,36,35,8,6,9,0,3,0,1,0,1,0,0,0,3,4,0,0,0,0,0,0,0,0,0,0,0,0,0,0,0,0,0,0,0,0,0,0,1,1,0,0,0,0,0,0,0,0,0,0,0,0,0,0,0,0,0,0,0,0,0,0,0
1400000US44007003500,44007003500,"Census Tract 35, Providence County, Rhode Island",4044,3960,3382,110,5,424,2,37,84,73,17,6,29,0,6,5,2,0,4,0,0,0,0,2,2,10,2,3,0,1,1,0,0,1,1,0,0,0,0,0,0,1,0,0,0,0,1,1,0,0,0,0,0,0,0,0,0,0,0,0,0,0,0,0,0,0,0,0,0,0,0
1400000US44007003601,44007003601,"Census Tract 36.01, Providence County, Rhode Island",2903,2752,2101,109,6,484,3,49,151,141,20,8,85,2,11,3,2,0,1,0,0,0,4,5,0,7,2,2,0,0,0,0,0,2,1,0,0,0,0,0,0,0,0,0,0,0,3,2,0,1,0,0,0,0,0,0,0,0,0,0,0,0,0,0,0,0,0,0,0,0,0
1400000US44007003602,44007003602,"Census Tract 36.02, Providence County, Rhode Island",5746,5409,4030,215,13,1027,2,122,337,312,64,19,163,3,28,2,11,1,5,0,0,0,4,11,1,21,7,6,0,0,1,0,1,4,2,0,0,0,0,0,0,0,0,0,0,0,4,2,0,0,0,0,0,1,1,0,0,0,0,0,0,0,0,0,0,0,0,0,0,0,0
1400000US44007003700,44007003700,"Census Tract 37, Providence County, Rhode Island",3319,3194,2681,152,14,256,4,87,125,112,16,18,39,0,17,3,1,0,15,0,0,0,0,1,2,13,10,0,0,0,0,0,0,0,0,0,0,0,1,0,0,2,0,0,0,0,0,0,0,0,0,0,0,0,0,0,0,0,0,0,0,0,0,0,0,0,0,0,0,0,0
1400000US44007010101,44007010101,"Census Tract 101.01, Providence County, Rhode Island",2997,2953,2676,143,14,38,1,81,44,39,9,7,2,0,4,5,0,1,3,1,0,1,0,2,4,5,0,0,0,4,0,0,0,0,0,0,0,0,0,0,0,1,0,0,0,0,0,0,0,0,0,0,0,0,0,0,0,0,0,0,0,0,0,0,0,0,0,0,0,0,0
1400000US44007010102,44007010102,"Census Tract 101.02, Providence County, Rhode Island",2803,2747,2626,75,7,21,1,17,56,49,11,9,3,0,6,9,0,0,8,0,0,0,0,3,0,6,0,0,0,1,0,0,0,0,1,1,0,0,2,0,1,0,0,0,0,0,0,0,0,0,0,0,0,0,0,0,0,0,0,0,0,0,1,0,0,0,0,1,0,0,0
1400000US44007010200,44007010200,"Census Tract 102, Providence County, Rhode Island",5238,4998,4139,373,44,51,2,389,240,209,28,22,8,3,37,20,0,3,74,1,0,5,0,1,7,26,12,0,0,2,0,0,3,0,1,0,1,0,4,0,0,3,0,0,0,0,4,0,0,2,0,0,0,0,1,0,0,0,1,0,0,0,1,0,1,0,0,0,0,0,0
1400000US44007010300,44007010300,"Census Tract 103, Providence County, Rhode Island",3357,3190,2625,272,29,32,1,231,167,142,13,7,7,3,31,14,1,0,62,0,1,2,0,1,0,24,6,1,0,4,1,0,0,0,0,1,0,0,2,0,2,7,0,0,0,0,1,0,0,0,0,1,0,0,0,0,0,0,0,0,0,0,0,0,0,0,0,0,0,0,0
1400000US44007010400,44007010400,"Census Tract 104, Providence County, Rhode Island",5310,5084,4291,411,26,143,2,211,226,198,39,20,25,6,35,17,2,0,44,3,0,1,1,0,5,26,17,0,0,4,0,0,3,0,0,0,0,0,1,1,0,0,0,0,0,0,2,0,0,1,0,0,0,0,0,0,0,0,0,1,0,0,0,0,0,0,0,0,0,0,0
1400000US44007010501,44007010501,"Census Tract 105.01, Providence County, Rhode Island",3628,3505,3070,203,13,26,0,193,123,104,21,2,8,6,14,10,0,0,35,1,0,4,0,1,2,19,6,0,0,6,0,0,2,0,1,0,0,1,3,0,0,0,0,0,0,0,0,0,0,0,0,0,0,0,0,0,0,0,0,0,0,0,0,0,0,0,0,0,0,0,0
1400000US44007010502,44007010502,"Census Tract 105.02, Providence County, Rhode Island",3924,3813,3311,259,16,161,0,66,111,97,22,7,7,4,19,11,0,0,23,0,0,2,0,2,0,14,6,0,0,1,1,0,0,0,1,0,0,0,5,0,0,0,0,0,0,0,0,0,0,0,0,0,0,0,0,0,0,0,0,0,0,0,0,0,0,0,0,0,0,0,0
1400000US44007010600,44007010600,"Census Tract 106, Providence County, Rhode Island",5213,5074,4667,197,48,65,0,97,139,125,35,16,9,5,17,13,1,0,19,0,0,2,1,6,1,14,7,2,0,0,0,0,0,0,0,1,0,0,4,0,0,0,0,0,0,0,0,0,0,0,0,0,0,0,0,0,0,0,0,0,0,0,0,0,0,0,0,0,0,0,0
1400000US44007010701,44007010701,"Census Tract 107.01, Providence County, Rhode Island",1927,1900,1822,35,5,12,0,26,27,21,3,3,4,0,7,0,0,0,3,0,0,0,0,1,0,5,3,0,0,0,0,0,0,0,0,0,1,0,1,0,0,0,0,0,0,0,1,1,0,0,0,0,0,0,0,0,0,0,0,0,0,0,0,0,0,0,0,0,0,0,0
1400000US44007010702,44007010702,"Census Tract 107.02, Providence County, Rhode Island",3463,3424,3324,54,2,23,1,20,39,36,7,5,4,3,5,2,0,0,5,3,0,0,0,0,2,3,0,0,0,1,1,0,0,0,1,0,0,0,0,0,0,0,0,0,0,0,0,0,0,0,0,0,0,0,0,0,0,0,0,0,0,0,0,0,0,0,0,0,0,0,0
1400000US44007010800,44007010800,"Census Tract 108, Providence County, Rhode Island",3411,3219,1991,252,38,27,1,910,192,181,18,6,7,1,57,14,0,4,55,3,0,11,0,1,4,9,3,0,0,1,0,0,1,0,1,2,0,0,0,0,1,0,0,0,0,0,2,0,0,1,0,0,0,0,1,0,0,0,0,0,0,0,0,0,0,0,0,0,0,0,0
1400000US44007010900,44007010900,"Census Tract 109, Providence County, Rhode Island",3590,3410,2204,299,18,21,9,859,180,174,22,5,5,3,78,3,2,0,32,0,0,8,1,4,11,5,1,0,0,1,0,0,1,1,0,0,0,0,0,0,0,1,0,0,0,0,1,0,0,0,0,0,0,0,0,0,0,0,0,1,0,0,0,0,0,0,0,0,0,0,0
1400000US44007011000,44007011000,"Census Tract 110, Providence County, Rhode Island",3831,3611,2039,376,25,20,2,1149,220,210,14,9,1,1,111,5,2,0,54,0,0,2,0,6,5,10,1,0,0,2,0,0,0,0,0,2,0,0,1,0,0,4,0,0,0,0,0,0,0,0,0,0,0,0,0,0,0,0,0,0,0,0,0,0,0,0,0,0,0,0,0
1400000US44007011100,44007011100,"Census Tract 111, Providence County, Rhode Island",2900,2699,1469,329,38,18,2,843,201,188,20,3,1,3,67,6,0,0,63,1,0,9,0,4,11,12,3,0,0,8,0,0,0,0,1,0,0,0,0,0,0,0,0,0,0,0,1,0,1,0,0,0,0,0,0,0,0,0,0,0,0,0,0,0,0,0,0,0,0,0,0
1400000US44007011200,44007011200,"Census Tract 112, Providence County, Rhode Island",4446,4363,4020,93,35,34,0,181,83,80,14,14,5,10,15,3,0,0,19,0,0,0,0,0,0,3,1,1,0,0,0,0,0,0,0,0,0,0,0,0,0,1,0,0,0,0,0,0,0,0,0,0,0,0,0,0,0,0,0,0,0,0,0,0,0,0,0,0,0,0,0
1400000US44007011301,44007011301,"Census Tract 113.01, Providence County, Rhode Island",3323,3277,3129,62,7,24,5,50,46,40,3,5,6,4,10,1,0,0,3,0,0,0,0,0,8,5,2,0,0,1,0,0,0,1,0,0,0,0,0,0,0,0,1,0,0,0,1,0,0,1,0,0,0,0,0,0,0,0,0,0,0,0,0,0,0,0,0,0,0,0,0
1400000US44007011302,44007011302,"Census Tract 113.02, Providence County, Rhode Island",3145,3121,3040,23,5,32,1,20,24,24,3,5,6,0,4,3,0,0,0,0,0,0,0,3,0,0,0,0,0,0,0,0,0,0,0,0,0,0,0,0,0,0,0,0,0,0,0,0,0,0,0,0,0,0,0,0,0,0,0,0,0,0,0,0,0,0,0,0,0,0,0
1400000US44007011401,44007011401,"Census Tract 114.01, Providence County, Rhode Island",6380,6338,5965,52,3,293,1,24,42,41,4,8,13,0,5,2,0,0,3,0,0,0,0,2,4,1,0,0,0,0,0,0,0,0,0,0,0,0,0,0,0,1,0,0,0,0,0,0,0,0,0,0,0,0,0,0,0,0,0,0,0,0,0,0,0,0,0,0,0,0,0
1400000US44007011402,44007011402,"Census Tract 114.02, Providence County, Rhode Island",3160,3138,3063,20,1,45,0,9,22,21,2,3,6,1,7,1,0,0,0,0,0,0,1,0,0,1,1,0,0,0,0,0,0,0,0,0,0,0,0,0,0,0,0,0,0,0,0,0,0,0,0,0,0,0,0,0,0,0,0,0,0,0,0,0,0,0,0,0,0,0,0
1400000US44007011403,44007011403,"Census Tract 114.03, Providence County, Rhode Island",5517,5470,5213,58,4,152,0,43,47,45,8,8,14,0,11,2,1,0,1,0,0,0,0,0,0,2,1,0,0,1,0,0,0,0,0,0,0,0,0,0,0,0,0,0,0,0,0,0,0,0,0,0,0,0,0,0,0,0,0,0,0,0,0,0,0,0,0,0,0,0,0
1400000US44007011500,44007011500,"Census Tract 115, Providence County, Rhode Island",4849,4807,4560,68,6,125,1,47,42,40,6,13,6,0,2,1,2,0,6,1,0,2,0,1,0,2,2,0,0,0,0,0,0,0,0,0,0,0,0,0,0,0,0,0,0,0,0,0,0,0,0,0,0,0,0,0,0,0,0,0,0,0,0,0,0,0,0,0,0,0,0
1400000US44007011600,44007011600,"Census Tract 116, Providence County, Rhode Island",4634,4590,4302,57,4,193,0,34,44,41,3,13,14,3,3,0,0,0,0,1,0,3,0,1,0,3,2,0,0,1,0,0,0,0,0,0,0,0,0,0,0,0,0,0,0,0,0,0,0,0,0,0,0,0,0,0,0,0,0,0,0,0,0,0,0,0,0,0,0,0,0
1400000US44007011701,44007011701,"Census Tract 117.01, Providence County, Rhode Island",3637,3580,3399,47,8,60,0,66,57,55,14,11,7,1,14,6,1,0,1,0,0,0,0,0,0,2,1,0,0,1,0,0,0,0,0,0,0,0,0,0,0,0,0,0,0,0,0,0,0,0,0,0,0,0,0,0,0,0,0,0,0,0,0,0,0,0,0,0,0,0,0
1400000US44007011702,44007011702,"Census Tract 117.02, Providence County, Rhode Island",3234,3201,3020,52,6,42,0,81,33,31,8,3,5,1,6,2,1,0,2,1,0,0,1,0,1,2,0,0,0,2,0,0,0,0,0,0,0,0,0,0,0,0,0,0,0,0,0,0,0,0,0,0,0,0,0,0,0,0,0,0,0,0,0,0,0,0,0,0,0,0,0
1400000US44007011800,44007011800,"Census Tract 118, Providence County, Rhode Island",5411,5315,4572,350,16,134,1,242,96,87,10,10,9,2,19,10,0,3,20,0,0,0,0,0,4,9,0,0,0,6,0,0,1,0,0,0,0,0,1,0,0,1,0,0,0,0,0,0,0,0,0,0,0,0,0,0,0,0,0,0,0,0,0,0,0,0,0,0,0,0,0
1400000US44007011901,44007011901,"Census Tract 119.01, Providence County, Rhode Island",2521,2478,2197,110,6,72,0,93,43,41,5,3,11,0,13,4,0,0,3,0,0,0,0,2,0,1,0,0,0,0,0,0,1,0,0,0,0,0,0,0,0,0,0,0,0,0,1,0,1,0,0,0,0,0,0,0,0,0,0,0,0,0,0,0,0,0,0,0,0,0,0
1400000US44007011902,44007011902,"Census Tract 119.02, Providence County, Rhode Island",4207,4171,3937,103,3,76,0,52,36,34,5,6,4,0,7,2,0,0,8,0,0,0,0,1,1,2,0,0,0,1,0,0,0,0,0,0,0,1,0,0,0,0,0,0,0,0,0,0,0,0,0,0,0,0,0,0,0,0,0,0,0,0,0,0,0,0,0,0,0,0,0
1400000US44007012000,44007012000,"Census Tract 120, Providence County, Rhode Island",4841,4778,4423,155,14,76,3,107,63,60,8,18,9,0,13,4,0,0,6,0,0,0,0,0,2,3,1,0,0,1,0,0,0,0,0,0,0,0,1,0,0,0,0,0,0,0,0,0,0,0,0,0,0,0,0,0,0,0,0,0,0,0,0,0,0,0,0,0,0,0,0
1400000US44007012102,44007012102,"Census Tract 121.02, Providence County, Rhode Island",3485,3401,3022,160,19,63,1,136,84,77,21,10,6,0,20,2,0,1,8,1,0,2,0,0,6,7,4,1,0,2,0,0,0,0,0,0,0,0,0,0,0,0,0,0,0,0,0,0,0,0,0,0,0,0,0,0,0,0,0,0,0,0,0,0,0,0,0,0,0,0,0
1400000US44007012103,44007012103,"Census Tract 121.03, Providence County, Rhode Island",2656,2627,2379,101,6,88,2,51,29,25,2,7,8,1,3,3,0,0,1,0,0,0,0,0,0,4,3,0,0,1,0,0,0,0,0,0,0,0,0,0,0,0,0,0,0,0,0,0,0,0,0,0,0,0,0,0,0,0,0,0,0,0,0,0,0,0,0,0,0,0,0
1400000US44007012104,44007012104,"Census Tract 121.04, Providence County, Rhode Island",3443,3381,3141,104,16,54,1,65,62,59,9,6,4,5,9,4,1,5,7,0,0,0,1,5,3,3,0,2,0,0,0,0,0,0,1,0,0,0,0,0,0,0,0,0,0,0,0,0,0,0,0,0,0,0,0,0,0,0,0,0,0,0,0,0,0,0,0,0,0,0,0
1400000US44007012200,44007012200,"Census Tract 122, Providence County, Rhode Island",5744,5699,5452,63,10,128,1,45,45,43,7,9,12,0,10,1,0,0,3,0,0,0,0,1,0,2,2,0,0,0,0,0,0,0,0,0,0,0,0,0,0,0,0,0,0,0,0,0,0,0,0,0,0,0,0,0,0,0,0,0,0,0,0,0,0,0,0,0,0,0,0
1400000US44007012300,44007012300,"Census Tract 123, Providence County, Rhode Island",5370,5309,5074,98,7,75,0,55,61,58,12,11,12,2,16,3,0,0,2,0,0,0,0,0,0,3,1,1,0,0,0,0,0,0,0,0,0,0,1,0,0,0,0,0,0,0,0,0,0,0,0,0,0,0,0,0,0,0,0,0,0,0,0,0,0,0,0,0,0,0,0
1400000US44007012401,44007012401,"Census Tract 124.01, Providence County, Rhode Island",5672,5628,5250,121,4,113,1,139,44,36,5,8,5,1,12,1,0,0,1,0,0,0,0,1,2,5,0,0,0,0,2,0,1,0,0,0,0,1,0,0,0,1,0,0,0,0,3,0,0,0,0,0,0,3,0,0,0,0,0,0,0,0,0,0,0,0,0,0,0,0,0
1400000US44007012402,44007012402,"Census Tract 124.02, Providence County, Rhode Island",2027,2003,1877,27,1,27,1,70,24,18,4,6,0,2,4,2,0,0,0,0,0,0,0,0,0,6,0,1,0,4,0,1,0,0,0,0,0,0,0,0,0,0,0,0,0,0,0,0,0,0,0,0,0,0,0,0,0,0,0,0,0,0,0,0,0,0,0,0,0,0,0
1400000US44007012500,44007012500,"Census Tract 125, Providence County, Rhode Island",4476,4405,4095,94,10,102,5,99,71,68,16,12,9,4,16,2,0,1,3,1,0,1,0,3,0,3,3,0,0,0,0,0,0,0,0,0,0,0,0,0,0,0,0,0,0,0,0,0,0,0,0,0,0,0,0,0,0,0,0,0,0,0,0,0,0,0,0,0,0,0,0
1400000US44007012601,44007012601,"Census Tract 126.01, Providence County, Rhode Island",4073,4001,3724,120,3,116,0,38,72,65,15,6,15,2,13,0,0,0,1,3,0,0,0,9,1,6,2,1,0,1,1,0,0,1,0,0,0,0,0,0,0,0,0,0,0,0,1,1,0,0,0,0,0,0,0,0,0,0,0,0,0,0,0,0,0,0,0,0,0,0,0
1400000US44007012602,44007012602,"Census Tract 126.02, Providence County, Rhode Island",5648,5618,5484,36,11,56,2,29,30,26,5,9,3,1,4,0,2,0,1,0,0,0,0,0,1,4,2,0,0,0,0,0,0,0,0,0,0,0,1,0,0,0,1,0,0,0,0,0,0,0,0,0,0,0,0,0,0,0,0,0,0,0,0,0,0,0,0,0,0,0,0
1400000US44007012701,44007012701,"Census Tract 127.01, Providence County, Rhode Island",4394,4379,4292,27,10,34,0,16,15,15,3,7,2,0,3,0,0,0,0,0,0,0,0,0,0,0,0,0,0,0,0,0,0,0,0,0,0,0,0,0,0,0,0,0,0,0,0,0,0,0,0,0,0,0,0,0,0,0,0,0,0,0,0,0,0,0,0,0,0,0,0
1400000US44007012702,44007012702,"Census Tract 127.02, Providence County, Rhode Island",3690,3672,3593,29,0,33,1,16,18,18,3,5,8,0,0,0,0,0,1,1,0,0,0,0,0,0,0,0,0,0,0,0,0,0,0,0,0,0,0,0,0,0,0,0,0,0,0,0,0,0,0,0,0,0,0,0,0,0,0,0,0,0,0,0,0,0,0,0,0,0,0
1400000US44007012801,44007012801,"Census Tract 128.01, Providence County, Rhode Island",3944,3913,3830,21,6,36,0,20,31,28,8,8,3,0,6,2,0,0,1,0,0,0,0,0,0,3,1,2,0,0,0,0,0,0,0,0,0,0,0,0,0,0,0,0,0,0,0,0,0,0,0,0,0,0,0,0,0,0,0,0,0,0,0,0,0,0,0,0,0,0,0
1400000US44007012802,44007012802,"Census Tract 128.02, Providence County, Rhode Island",1885,1870,1839,6,2,18,0,5,15,14,3,2,2,0,4,0,0,0,2,0,0,0,0,0,1,1,0,0,0,0,1,0,0,0,0,0,0,0,0,0,0,0,0,0,0,0,0,0,0,0,0,0,0,0,0,0,0,0,0,0,0,0,0,0,0,0,0,0,0,0,0
1400000US44007012803,44007012803,"Census Tract 128.03, Providence County, Rhode Island",3682,3659,3584,20,6,36,0,13,23,20,3,10,3,0,3,0,0,0,1,0,0,0,0,0,0,3,2,0,0,1,0,0,0,0,0,0,0,0,0,0,0,0,0,0,0,0,0,0,0,0,0,0,0,0,0,0,0,0,0,0,0,0,0,0,0,0,0,0,0,0,0
1400000US44007012900,44007012900,"Census Tract 129, Providence County, Rhode Island",3772,3744,3688,11,12,6,0,27,28,27,0,12,7,0,6,0,0,0,0,0,0,2,0,0,0,1,1,0,0,0,0,0,0,0,0,0,0,0,0,0,0,0,0,0,0,0,0,0,0,0,0,0,0,0,0,0,0,0,0,0,0,0,0,0,0,0,0,0,0,0,0
1400000US44007013001,44007013001,"Census Tract 130.01, Providence County, Rhode Island",2732,2707,2661,11,2,18,3,12,25,24,2,10,7,0,3,1,0,0,0,0,0,0,0,1,0,1,1,0,0,0,0,0,0,0,0,0,0,0,0,0,0,0,0,0,0,0,0,0,0,0,0,0,0,0,0,0,0,0,0,0,0,0,0,0,0,0,0,0,0,0,0
1400000US44007013002,44007013002,"Census Tract 130.02, Providence County, Rhode Island",5875,5844,5779,17,8,23,0,17,31,26,2,12,9,1,2,0,0,0,0,0,0,0,0,0,0,5,3,0,0,0,2,0,0,0,0,0,0,0,0,0,0,0,0,0,0,0,0,0,0,0,0,0,0,0,0,0,0,0,0,0,0,0,0,0,0,0,0,0,0,0,0
1400000US44007013101,44007013101,"Census Tract 131.01, Providence County, Rhode Island",3623,3604,3570,7,5,15,0,7,19,19,3,8,2,0,3,1,0,1,0,0,0,0,0,1,0,0,0,0,0,0,0,0,0,0,0,0,0,0,0,0,0,0,0,0,0,0,0,0,0,0,0,0,0,0,0,0,0,0,0,0,0,0,0,0,0,0,0,0,0,0,0
1400000US44007013102,44007013102,"Census Tract 131.02, Providence County, Rhode Island",4025,3998,3953,10,3,23,1,8,27,25,3,18,3,0,0,0,0,0,1,0,0,0,0,0,0,2,1,0,0,0,0,0,0,1,0,0,0,0,0,0,0,0,0,0,0,0,0,0,0,0,0,0,0,0,0,0,0,0,0,0,0,0,0,0,0,0,0,0,0,0,0
1400000US44007013201,44007013201,"Census Tract 132.01, Providence County, Rhode Island",3571,3544,3503,18,4,13,0,6,27,27,7,9,6,0,3,1,1,0,0,0,0,0,0,0,0,0,0,0,0,0,0,0,0,0,0,0,0,0,0,0,0,0,0,0,0,0,0,0,0,0,0,0,0,0,0,0,0,0,0,0,0,0,0,0,0,0,0,0,0,0,0
1400000US44007013202,44007013202,"Census Tract 132.02, Providence County, Rhode Island",4486,4472,4413,12,9,26,0,12,14,13,3,3,4,0,2,0,0,0,0,0,0,0,0,1,0,1,1,0,0,0,0,0,0,0,0,0,0,0,0,0,0,0,0,0,0,0,0,0,0,0,0,0,0,0,0,0,0,0,0,0,0,0,0,0,0,0,0,0,0,0,0
1400000US44007013300,44007013300,"Census Tract 133, Providence County, Rhode Island",3620,3588,3526,15,11,29,0,7,32,28,7,14,3,0,2,1,0,0,0,0,0,0,0,1,0,4,2,0,0,0,0,0,0,0,0,0,0,0,2,0,0,0,0,0,0,0,0,0,0,0,0,0,0,0,0,0,0,0,0,0,0,0,0,0,0,0,0,0,0,0,0
1400000US44007013400,44007013400,"Census Tract 134, Providence County, Rhode Island",3106,3054,2832,66,9,73,2,72,52,49,13,10,9,1,3,1,0,0,10,0,0,0,1,1,0,3,3,0,0,0,0,0,0,0,0,0,0,0,0,0,0,0,0,0,0,0,0,0,0,0,0,0,0,0,0,0,0,0,0,0,0,0,0,0,0,0,0,0,0,0,0
1400000US44007013500,44007013500,"Census Tract 135, Providence County, Rhode Island",3761,3639,2808,358,19,215,1,238,122,105,27,8,20,0,15,14,2,1,12,3,0,2,0,0,1,15,9,0,1,1,0,0,0,1,0,0,0,0,2,0,1,0,0,0,0,0,2,0,0,2,0,0,0,0,0,0,0,0,0,0,0,0,0,0,0,0,0,0,0,0,0
1400000US44007013600,44007013600,"Census Tract 136, Providence County, Rhode Island",2290,2209,1758,181,6,163,0,101,81,67,30,9,5,0,6,5,0,0,3,2,0,1,2,1,3,13,4,1,0,1,0,2,0,1,0,2,0,0,1,0,0,1,0,0,0,0,1,1,0,0,0,0,0,0,0,0,0,0,0,0,0,0,0,0,0,0,0,0,0,0,0
1400000US44007013701,44007013701,"Census Tract 137.01, Providence County, Rhode Island",3153,3091,2448,203,20,235,0,185,62,54,22,5,6,0,7,3,0,0,5,0,0,5,1,0,0,8,4,2,0,2,0,0,0,0,0,0,0,0,0,0,0,0,0,0,0,0,0,0,0,0,0,0,0,0,0,0,0,0,0,0,0,0,0,0,0,0,0,0,0,0,0
1400000US44007013702,44007013702,"Census Tract 137.02, Providence County, Rhode Island",2237,2192,1871,75,11,155,0,80,45,42,10,7,4,1,5,3,1,0,3,0,0,0,1,5,2,3,2,0,0,0,0,0,0,1,0,0,0,0,0,0,0,0,0,0,0,0,0,0,0,0,0,0,0,0,0,0,0,0,0,0,0,0,0,0,0,0,0,0,0,0,0
1400000US44007013800,44007013800,"Census Tract 138, Providence County, Rhode Island",3780,3698,3297,140,8,166,0,87,82,80,29,14,11,0,11,2,3,0,5,0,0,3,0,1,1,2,1,0,0,0,0,0,0,0,0,1,0,0,0,0,0,0,0,0,0,0,0,0,0,0,0,0,0,0,0,0,0,0,0,0,0,0,0,0,0,0,0,0,0,0,0
1400000US44007013900,44007013900,"Census Tract 139, Providence County, Rhode Island",2545,2495,2283,53,1,91,0,67,50,46,6,9,8,1,12,3,3,0,3,0,0,0,0,0,1,4,1,0,0,0,0,0,0,0,0,1,0,0,0,0,2,0,0,0,0,0,0,0,0,0,0,0,0,0,0,0,0,0,0,0,0,0,0,0,0,0,0,0,0,0,0
1400000US44007014000,44007014000,"Census Tract 140, Providence County, Rhode Island",4513,4433,3730,203,14,328,0,158,80,74,16,10,11,0,23,7,1,1,5,0,0,0,0,0,0,6,3,0,0,1,0,0,0,0,0,1,0,0,1,0,0,0,0,0,0,0,0,0,0,0,0,0,0,0,0,0,0,0,0,0,0,0,0,0,0,0,0,0,0,0,0
1400000US44007014100,44007014100,"Census Tract 141, Providence County, Rhode Island",3773,3612,2407,297,18,447,8,435,161,150,17,5,6,0,58,4,0,0,21,5,0,17,0,11,6,10,8,0,0,1,1,0,0,0,0,0,0,0,0,0,0,0,0,0,0,0,1,1,0,0,0,0,0,0,0,0,0,0,0,0,0,0,0,0,0,0,0,0,0,0,0
1400000US44007014200,44007014200,"Census Tract 142, Providence County, Rhode Island",5245,5230,3498,1082,29,119,4,498,15,15,4,2,1,1,3,2,0,0,1,0,0,1,0,0,0,0,0,0,0,0,0,0,0,0,0,0,0,0,0,0,0,0,0,0,0,0,0,0,0,0,0,0,0,0,0,0,0,0,0,0,0,0,0,0,0,0,0,0,0,0,0
1400000US44007014300,44007014300,"Census Tract 143, Providence County, Rhode Island",3933,3904,3610,66,1,180,0,47,29,26,2,4,7,1,3,4,0,0,2,0,1,0,1,0,1,3,1,0,0,0,0,0,1,0,1,0,0,0,0,0,0,0,0,0,0,0,0,0,0,0,0,0,0,0,0,0,0,0,0,0,0,0,0,0,0,0,0,0,0,0,0
1400000US44007014400,44007014400,"Census Tract 144, Providence County, Rhode Island",3059,3031,2899,43,7,66,0,16,28,26,6,1,6,0,4,2,0,0,7,0,0,0,0,0,0,2,1,1,0,0,0,0,0,0,0,0,0,0,0,0,0,0,0,0,0,0,0,0,0,0,0,0,0,0,0,0,0,0,0,0,0,0,0,0,0,0,0,0,0,0,0
1400000US44007014501,44007014501,"Census Tract 145.01, Providence County, Rhode Island",3816,3805,3668,28,4,90,0,15,11,11,0,1,5,0,2,0,1,0,2,0,0,0,0,0,0,0,0,0,0,0,0,0,0,0,0,0,0,0,0,0,0,0,0,0,0,0,0,0,0,0,0,0,0,0,0,0,0,0,0,0,0,0,0,0,0,0,0,0,0,0,0
1400000US44007014502,44007014502,"Census Tract 145.02, Providence County, Rhode Island",3380,3346,3228,40,6,46,0,26,34,28,4,2,4,2,7,5,1,0,2,0,0,1,0,0,0,3,3,0,0,0,0,0,0,0,0,0,0,0,0,0,0,0,0,0,0,0,3,0,0,3,0,0,0,0,0,0,0,0,0,0,0,0,0,0,0,0,0,0,0,0,0
1400000US44007014600,44007014600,"Census Tract 146, Providence County, Rhode Island",5262,5218,4947,48,0,185,0,38,44,43,2,8,13,0,14,1,2,0,1,0,0,0,0,2,0,1,1,0,0,0,0,0,0,0,0,0,0,0,0,0,0,0,0,0,0,0,0,0,0,0,0,0,0,0,0,0,0,0,0,0,0,0,0,0,0,0,0,0,0,0,0
1400000US44007014700,44007014700,"Census Tract 147, Providence County, Rhode Island",5582,5445,4314,337,22,309,7,456,137,119,19,9,11,1,50,6,0,0,14,0,0,3,1,4,1,15,6,0,0,2,0,0,0,0,3,0,0,0,3,0,0,1,0,0,0,0,3,0,0,3,0,0,0,0,0,0,0,0,0,0,0,0,0,0,0,0,0,0,0,0,0
1400000US44007014800,44007014800,"Census Tract 148, Providence County, Rhode Island",4538,4498,4112,90,11,187,4,94,40,35,10,6,5,0,6,0,0,0,2,2,0,0,2,1,1,5,4,0,0,0,0,0,0,0,0,0,0,0,1,0,0,0,0,0,0,0,0,0,0,0,0,0,0,0,0,0,0,0,0,0,0,0,0,0,0,0,0,0,0,0,0
1400000US44007015000,44007015000,"Census Tract 150, Providence County, Rhode Island",3321,3150,2241,403,25,55,3,423,171,166,21,8,10,4,36,8,2,0,64,0,0,5,0,6,2,5,0,0,1,0,0,0,0,0,1,0,0,0,0,0,2,1,0,0,0,0,0,0,0,0,0,0,0,0,0,0,0,0,0,0,0,0,0,0,0,0,0,0,0,0,0
1400000US44007015100,44007015100,"Census Tract 151, Providence County, Rhode Island",3207,2872,1283,759,42,35,2,751,335,316,20,2,3,2,77,6,1,0,180,0,0,2,0,2,21,17,1,0,0,8,0,0,0,0,0,0,0,0,0,0,0,8,0,0,0,0,2,2,0,0,0,0,0,0,0,0,0,0,0,0,0,0,0,0,0,0,0,0,0,0,0
1400000US44007015200,44007015200,"Census Tract 152, Providence County, Rhode Island",2052,1942,1238,258,25,47,0,374,110,105,21,3,5,1,24,5,0,1,35,1,0,6,0,1,2,4,1,0,0,1,0,0,0,0,0,0,0,0,0,0,0,2,0,0,0,0,0,0,0,0,0,0,0,0,0,0,0,0,0,0,0,0,1,1,0,0,0,0,0,0,0
1400000US44007015300,44007015300,"Census Tract 153, Providence County, Rhode Island",1720,1606,1129,255,13,10,3,196,114,98,11,6,0,0,16,3,0,1,37,0,0,10,0,0,14,16,3,0,0,0,0,0,0,1,1,2,0,0,0,0,0,9,0,0,0,0,0,0,0,0,0,0,0,0,0,0,0,0,0,0,0,0,0,0,0,0,0,0,0,0,0
1400000US44007015400,44007015400,"Census Tract 154, Providence County, Rhode Island",1627,1502,946,347,6,9,5,189,125,116,20,9,7,0,37,5,1,2,31,0,0,2,0,1,1,9,0,0,0,3,0,0,0,0,0,0,0,0,1,0,0,4,0,1,0,0,0,0,0,0,0,0,0,0,0,0,0,0,0,0,0,0,0,0,0,0,0,0,0,0,0
1400000US44007015500,44007015500,"Census Tract 155, Providence County, Rhode Island",3063,2945,2347,265,10,62,4,257,118,108,23,4,5,1,24,4,0,1,39,0,0,1,0,2,4,8,0,0,0,4,2,0,0,0,0,0,0,0,2,0,0,0,0,0,0,0,2,2,0,0,0,0,0,0,0,0,0,0,0,0,0,0,0,0,0,0,0,0,0,0,0
1400000US44007015600,44007015600,"Census Tract 156, Providence County, Rhode Island",1856,1805,1522,108,6,22,4,143,51,47,11,4,2,1,18,4,1,0,5,0,0,0,0,0,1,1,0,0,0,1,0,0,0,0,0,0,0,0,0,0,0,0,0,0,0,0,2,0,0,2,0,0,0,0,0,0,0,0,0,0,0,0,1,0,1,0,0,0,0,0,0
1400000US44007015700,44007015700,"Census Tract 157, Providence County, Rhode Island",2895,2833,2625,92,5,22,1,88,62,58,3,10,7,0,19,1,0,0,16,0,0,1,0,0,1,4,2,0,0,2,0,0,0,0,0,0,0,0,0,0,0,0,0,0,0,0,0,0,0,0,0,0,0,0,0,0,0,0,0,0,0,0,0,0,0,0,0,0,0,0,0
1400000US44007015800,44007015800,"Census Tract 158, Providence County, Rhode Island",2928,2876,2626,119,4,24,1,102,52,42,10,3,4,0,9,0,1,0,10,0,0,0,1,3,1,10,8,0,0,2,0,0,0,0,0,0,0,0,0,0,0,0,0,0,0,0,0,0,0,0,0,0,0,0,0,0,0,0,0,0,0,0,0,0,0,0,0,0,0,0,0
1400000US44007015900,44007015900,"Census Tract 159, Providence County, Rhode Island",2314,2228,1884,137,1,22,2,182,86,69,16,3,4,0,21,3,0,0,16,0,0,2,0,2,2,10,3,1,0,5,0,0,0,0,0,0,1,0,0,0,0,0,0,0,0,0,5,1,0,1,0,3,0,0,0,0,0,0,0,0,0,0,2,0,2,0,0,0,0,0,0
1400000US44007016000,44007016000,"Census Tract 160, Providence County, Rhode Island",2518,2387,1628,397,25,36,4,297,131,124,13,10,9,3,23,3,4,2,47,1,0,0,0,3,6,7,2,0,0,0,0,0,1,2,0,0,0,0,0,0,0,1,0,1,0,0,0,0,0,0,0,0,0,0,0,0,0,0,0,0,0,0,0,0,0,0,0,0,0,0,0
1400000US44007016100,44007016100,"Census Tract 161, Providence County, Rhode Island",3360,3090,1408,832,18,35,1,796,270,258,42,3,1,3,44,5,3,1,141,0,0,1,0,2,12,12,1,0,0,5,0,0,0,0,1,0,0,0,0,0,1,3,0,0,1,0,0,0,0,0,0,0,0,0,0,0,0,0,0,0,0,0,0,0,0,0,0,0,0,0,0
1400000US44007016300,44007016300,"Census Tract 163, Providence County, Rhode Island",2137,2062,1720,170,6,27,1,138,75,73,11,5,8,1,25,1,0,0,18,0,0,0,0,1,3,2,0,0,0,0,0,0,0,0,0,1,0,0,0,0,0,1,0,0,0,0,0,0,0,0,0,0,0,0,0,0,0,0,0,0,0,0,0,0,0,0,0,0,0,0,0
1400000US44007016400,44007016400,"Census Tract 164, Providence County, Rhode Island",3571,3240,1561,927,23,80,1,648,331,304,30,4,1,7,53,12,0,3,174,0,0,6,0,3,11,24,1,0,0,5,0,0,3,0,1,0,0,0,1,0,4,9,0,0,0,0,3,0,0,2,0,0,0,0,0,0,0,0,0,1,0,0,0,0,0,0,0,0,0,0,0
1400000US44007016500,44007016500,"Census Tract 165, Providence County, Rhode Island",3077,2955,2348,256,4,132,1,214,122,101,17,10,12,1,17,5,1,0,30,0,0,3,1,0,4,18,8,0,0,2,0,0,0,1,0,1,0,0,2,0,1,3,0,0,0,0,3,1,0,0,0,1,0,0,0,0,0,0,0,0,1,0,0,0,0,0,0,0,0,0,0
1400000US44007016600,44007016600,"Census Tract 166, Providence County, Rhode Island",1382,1322,877,221,23,26,0,175,60,57,19,4,1,1,9,3,2,0,16,0,0,0,0,2,0,3,0,0,0,2,0,0,0,0,0,0,0,0,0,0,0,1,0,0,0,0,0,0,0,0,0,0,0,0,0,0,0,0,0,0,0,0,0,0,0,0,0,0,0,0,0
1400000US44007016700,44007016700,"Census Tract 167, Providence County, Rhode Island",2368,2263,1652,297,26,23,4,261,105,97,18,5,7,5,26,3,1,0,30,0,0,0,0,1,1,6,1,0,1,1,0,0,0,0,1,0,0,0,0,0,0,2,0,0,0,0,2,0,0,2,0,0,0,0,0,0,0,0,0,0,0,0,0,0,0,0,0,0,0,0,0
1400000US44007016800,44007016800,"Census Tract 168, Providence County, Rhode Island",2404,2362,2141,99,12,24,0,86,42,36,5,2,1,2,6,1,1,0,12,0,0,4,1,1,0,6,2,0,0,1,0,0,2,0,0,0,0,0,1,0,0,0,0,0,0,0,0,0,0,0,0,0,0,0,0,0,0,0,0,0,0,0,0,0,0,0,0,0,0,0,0
1400000US44007016900,44007016900,"Census Tract 169, Providence County, Rhode Island",1560,1547,1439,31,2,20,0,55,13,13,3,1,1,1,3,0,0,0,3,1,0,0,0,0,0,0,0,0,0,0,0,0,0,0,0,0,0,0,0,0,0,0,0,0,0,0,0,0,0,0,0,0,0,0,0,0,0,0,0,0,0,0,0,0,0,0,0,0,0,0,0
1400000US44007017000,44007017000,"Census Tract 170, Providence County, Rhode Island",3636,3572,3204,180,10,40,7,131,64,60,9,5,3,1,16,1,1,1,15,2,0,1,3,1,1,3,1,0,0,1,0,0,0,0,0,0,0,0,1,0,0,0,0,0,0,0,1,0,0,1,0,0,0,0,0,0,0,0,0,0,0,0,0,0,0,0,0,0,0,0,0
1400000US44007017100,44007017100,"Census Tract 171, Providence County, Rhode Island",3577,3383,2639,313,18,55,0,358,194,181,43,9,16,2,43,3,1,0,37,0,0,3,3,2,19,13,1,0,0,6,0,0,2,0,0,0,0,0,1,0,0,1,0,1,0,1,0,0,0,0,0,0,0,0,0,0,0,0,0,0,0,0,0,0,0,0,0,0,0,0,0
1400000US44007017300,44007017300,"Census Tract 173, Providence County, Rhode Island",2512,2448,2146,106,9,98,0,89,64,59,15,13,17,0,4,6,1,0,1,0,0,1,1,0,0,4,3,0,0,0,0,0,0,0,0,0,0,0,0,0,0,1,0,0,0,0,1,1,0,0,0,0,0,0,0,0,0,0,0,0,0,0,0,0,0,0,0,0,0,0,0
1400000US44007017400,44007017400,"Census Tract 174, Providence County, Rhode Island",2880,2798,1960,244,13,270,0,311,82,79,25,4,5,1,25,9,1,1,3,1,0,2,0,2,0,2,1,0,0,0,0,0,0,0,0,0,0,0,0,0,0,0,1,0,0,0,1,0,0,0,0,1,0,0,0,0,0,0,0,0,0,0,0,0,0,0,0,0,0,0,0
1400000US44007017500,44007017500,"Census Tract 175, Providence County, Rhode Island",2457,2399,2116,114,6,120,1,42,58,55,12,14,15,0,7,2,0,0,2,0,0,3,0,0,0,2,0,0,0,2,0,0,0,0,0,0,0,0,0,0,0,0,0,0,0,0,1,1,0,0,0,0,0,0,0,0,0,0,0,0,0,0,0,0,0,0,0,0,0,0,0
1400000US44007017600,44007017600,"Census Tract 176, Providence County, Rhode Island",1797,1735,1200,238,10,135,0,152,62,55,16,9,13,1,6,3,1,0,2,1,0,0,0,3,0,7,5,0,0,0,0,0,0,0,2,0,0,0,0,0,0,0,0,0,0,0,0,0,0,0,0,0,0,0,0,0,0,0,0,0,0,0,0,0,0,0,0,0,0,0,0
1400000US44007017700,44007017700,"Census Tract 177, Providence County, Rhode Island",2789,2762,2554,63,4,104,0,37,27,26,7,8,6,0,0,3,0,0,1,0,0,0,1,0,0,1,0,0,0,1,0,0,0,0,0,0,0,0,0,0,0,0,0,0,0,0,0,0,0,0,0,0,0,0,0,0,0,0,0,0,0,0,0,0,0,0,0,0,0,0,0
1400000US44007017800,44007017800,"Census Tract 178, Providence County, Rhode Island",1942,1880,1530,154,4,123,0,69,62,55,12,20,9,1,3,7,0,0,1,0,0,1,0,1,0,2,1,0,0,0,0,0,0,0,1,0,0,0,0,0,0,0,0,0,0,0,5,0,0,0,0,0,0,5,0,0,0,0,0,0,0,0,0,0,0,0,0,0,0,0,0
1400000US44007017900,44007017900,"Census Tract 179, Providence County, Rhode Island",2266,2215,1887,140,9,108,4,67,51,49,15,10,4,0,11,2,1,0,4,0,0,1,0,1,0,2,1,0,0,0,0,0,0,0,0,1,0,0,0,0,0,0,0,0,0,0,0,0,0,0,0,0,0,0,0,0,0,0,0,0,0,0,0,0,0,0,0,0,0,0,0
1400000US44007018000,44007018000,"Census Tract 180, Providence County, Rhode Island",2274,2201,1840,133,10,100,3,115,73,67,21,21,9,1,9,1,0,2,1,0,0,1,0,1,0,6,4,0,0,1,1,0,0,0,0,0,0,0,0,0,0,0,0,0,0,0,0,0,0,0,0,0,0,0,0,0,0,0,0,0,0,0,0,0,0,0,0,0,0,0,0
1400000US44007018100,44007018100,"Census Tract 181, Providence County, Rhode Island",1917,1866,1547,112,8,91,0,108,51,42,16,11,0,0,7,3,0,0,1,0,2,1,0,1,0,9,5,0,0,2,0,0,0,0,0,0,0,0,0,2,0,0,0,0,0,0,0,0,0,0,0,0,0,0,0,0,0,0,0,0,0,0,0,0,0,0,0,0,0,0,0
1400000US44007018200,44007018200,"Census Tract 182, Providence County, Rhode Island",2039,1987,1659,111,9,124,3,81,52,50,14,13,4,0,9,2,0,0,4,0,0,1,0,1,2,2,1,0,0,0,0,0,0,0,1,0,0,0,0,0,0,0,0,0,0,0,0,0,0,0,0,0,0,0,0,0,0,0,0,0,0,0,0,0,0,0,0,0,0,0,0
1400000US44007018300,44007018300,"Census Tract 183, Providence County, Rhode Island",1238,1196,949,79,8,110,1,49,42,37,12,7,6,0,6,2,0,0,3,0,0,1,0,0,0,5,3,0,0,1,0,0,0,0,0,0,0,0,1,0,0,0,0,0,0,0,0,0,0,0,0,0,0,0,0,0,0,0,0,0,0,0,0,0,0,0,0,0,0,0,0
1400000US44007018400,44007018400,"Census Tract 184, Providence County, Rhode Island",4901,4817,4174,208,25,180,1,229,84,76,19,16,11,0,16,2,1,0,6,1,0,0,1,3,0,7,3,0,0,3,0,0,1,0,0,0,0,0,0,0,0,0,0,0,0,0,1,1,0,0,0,0,0,0,0,0,0,0,0,0,0,0,0,0,0,0,0,0,0,0,0
1400000US44007018500,44007018500,"Census Tract 185, Providence County, Rhode Island",2286,2243,2089,44,8,69,1,32,43,43,11,17,5,5,5,0,0,0,0,0,0,0,0,0,0,0,0,0,0,0,0,0,0,0,0,0,0,0,0,0,0,0,0,0,0,0,0,0,0,0,0,0,0,0,0,0,0,0,0,0,0,0,0,0,0,0,0,0,0,0,0
1400000US44009041500,44009041500,"Census Tract 415, Washington County, Rhode Island",888,881,861,6,1,5,0,8,7,5,2,3,0,0,0,0,0,0,0,0,0,0,0,0,0,2,2,0,0,0,0,0,0,0,0,0,0,0,0,0,0,0,0,0,0,0,0,0,0,0,0,0,0,0,0,0,0,0,0,0,0,0,0,0,0,0,0,0,0,0,0
1400000US44009050102,44009050102,"Census Tract 501.02, Washington County, Rhode Island",1707,1684,1639,14,5,21,0,5,23,16,3,4,2,1,1,2,0,0,0,0,0,2,1,0,0,7,2,0,1,4,0,0,0,0,0,0,0,0,0,0,0,0,0,0,0,0,0,0,0,0,0,0,0,0,0,0,0,0,0,0,0,0,0,0,0,0,0,0,0,0,0
1400000US44009050103,44009050103,"Census Tract 501.03, Washington County, Rhode Island",4189,4124,3860,77,48,93,0,46,65,60,13,12,10,1,7,9,0,0,2,0,0,2,1,2,1,4,4,0,0,0,0,0,0,0,0,0,0,0,0,0,0,0,0,0,0,0,1,0,0,1,0,0,0,0,0,0,0,0,0,0,0,0,0,0,0,0,0,0,0,0,0
1400000US44009050104,44009050104,"Census Tract 501.04, Washington County, Rhode Island",2991,2968,2908,20,2,33,0,5,23,22,2,8,8,0,2,2,0,0,0,0,0,0,0,0,0,1,0,0,0,0,1,0,0,0,0,0,0,0,0,0,0,0,0,0,0,0,0,0,0,0,0,0,0,0,0,0,0,0,0,0,0,0,0,0,0,0,0,0,0,0,0
1400000US44009050301,44009050301,"Census Tract 503.01, Washington County, Rhode Island",3570,3539,3451,13,22,44,1,8,31,28,5,10,5,2,1,4,1,0,0,0,0,0,0,0,0,1,1,0,0,0,0,0,0,0,0,0,0,0,0,0,0,0,0,0,0,0,2,0,0,2,0,0,0,0,0,0,0,0,0,0,0,0,0,0,0,0,0,0,0,0,0
1400000US44009050302,44009050302,"Census Tract 503.02, Washington County, Rhode Island",2159,2126,2072,16,10,12,3,13,33,27,6,13,3,1,4,0,0,0,0,0,0,0,0,0,0,5,4,0,0,0,0,0,0,1,0,0,0,0,0,0,0,0,0,0,0,0,1,0,0,0,0,0,0,1,0,0,0,0,0,0,0,0,0,0,0,0,0,0,0,0,0
1400000US44009050401,44009050401,"Census Tract 504.01, Washington County, Rhode Island",3322,3294,3191,22,23,47,3,8,28,26,5,9,5,0,0,2,0,0,0,0,0,2,0,3,0,2,0,0,0,0,0,1,0,0,0,0,0,0,1,0,0,0,0,0,0,0,0,0,0,0,0,0,0,0,0,0,0,0,0,0,0,0,0,0,0,0,0,0,0,0,0
1400000US44009050402,44009050402,"Census Tract 504.02, Washington County, Rhode Island",2226,2214,2177,11,1,21,0,4,12,11,3,2,3,0,1,1,0,0,0,0,0,1,0,0,0,1,0,0,0,1,0,0,0,0,0,0,0,0,0,0,0,0,0,0,0,0,0,0,0,0,0,0,0,0,0,0,0,0,0,0,0,0,0,0,0,0,0,0,0,0,0
1400000US44009050500,44009050500,"Census Tract 505, Washington County, Rhode Island",5091,5039,4873,67,25,31,1,42,52,46,11,18,5,0,1,6,0,0,2,1,0,2,0,0,0,6,3,1,0,0,0,0,0,0,0,0,1,0,1,0,0,0,0,0,0,0,0,0,0,0,0,0,0,0,0,0,0,0,0,0,0,0,0,0,0,0,0,0,0,0,0
1400000US44009050600,44009050600,"Census Tract 506, Washington County, Rhode Island",5859,5780,5677,23,31,27,1,21,79,72,12,33,10,0,7,2,0,0,4,3,0,1,0,0,0,6,5,0,0,0,0,0,0,0,0,0,0,0,1,0,0,0,0,0,0,0,1,0,0,1,0,0,0,0,0,0,0,0,0,0,0,0,0,0,0,0,0,0,0,0,0
1400000US44009050700,44009050700,"Census Tract 507, Washington County, Rhode Island",6343,6289,6131,35,57,41,0,25,54,46,6,18,8,2,3,7,1,0,1,0,0,0,0,0,0,8,5,0,0,2,0,0,0,0,0,0,1,0,0,0,0,0,0,0,0,0,0,0,0,0,0,0,0,0,0,0,0,0,0,0,0,0,0,0,0,0,0,0,0,0,0
1400000US44009050801,44009050801,"Census Tract 508.01, Washington County, Rhode Island",4611,4539,4260,68,31,121,1,58,72,69,11,23,14,1,7,8,1,0,1,0,1,0,1,0,1,3,1,1,0,0,0,0,0,0,0,0,0,0,1,0,0,0,0,0,0,0,0,0,0,0,0,0,0,0,0,0,0,0,0,0,0,0,0,0,0,0,0,0,0,0,0
1400000US44009050802,44009050802,"Census Tract 508.02, Washington County, Rhode Island",3161,3122,2981,19,10,98,0,14,39,37,7,8,13,0,1,4,0,1,0,0,0,0,0,3,0,2,2,0,0,0,0,0,0,0,0,0,0,0,0,0,0,0,0,0,0,0,0,0,0,0,0,0,0,0,0,0,0,0,0,0,0,0,0,0,0,0,0,0,0,0,0
1400000US44009050901,44009050901,"Census Tract 509.01, Washington County, Rhode Island",4598,4553,4289,35,20,166,0,43,45,43,1,14,11,0,8,2,0,0,6,0,0,1,0,0,0,2,1,0,0,1,0,0,0,0,0,0,0,0,0,0,0,0,0,0,0,0,0,0,0,0,0,0,0,0,0,0,0,0,0,0,0,0,0,0,0,0,0,0,0,0,0
1400000US44009050902,44009050902,"Census Tract 509.02, Washington County, Rhode Island",4240,4206,4081,21,32,48,0,24,34,32,6,15,5,2,0,1,0,0,0,0,0,0,3,0,0,2,1,0,0,0,1,0,0,0,0,0,0,0,0,0,0,0,0,0,0,0,0,0,0,0,0,0,0,0,0,0,0,0,0,0,0,0,0,0,0,0,0,0,0,0,0
1400000US44009051000,44009051000,"Census Tract 510, Washington County, Rhode Island",1390,1385,1371,3,5,3,0,3,5,4,0,2,2,0,0,0,0,0,0,0,0,0,0,0,0,1,1,0,0,0,0,0,0,0,0,0,0,0,0,0,0,0,0,0,0,0,0,0,0,0,0,0,0,0,0,0,0,0,0,0,0,0,0,0,0,0,0,0,0,0,0
1400000US44009051101,44009051101,"Census Tract 511.01, Washington County, Rhode Island",3715,3673,3543,17,75,21,1,16,42,36,4,16,7,0,3,5,0,0,0,0,0,0,0,1,0,6,4,0,0,0,2,0,0,0,0,0,0,0,0,0,0,0,0,0,0,0,0,0,0,0,0,0,0,0,0,0,0,0,0,0,0,0,0,0,0,0,0,0,0,0,0
1400000US44009051102,44009051102,"Census Tract 511.02, Washington County, Rhode Island",2606,2574,2523,6,22,18,1,4,32,29,4,6,12,0,3,4,0,0,0,0,0,0,0,0,0,3,3,0,0,0,0,0,0,0,0,0,0,0,0,0,0,0,0,0,0,0,0,0,0,0,0,0,0,0,0,0,0,0,0,0,0,0,0,0,0,0,0,0,0,0,0
1400000US44009051201,44009051201,"Census Tract 512.01, Washington County, Rhode Island",3339,3262,3052,55,85,51,0,19,77,67,9,16,9,2,7,18,1,0,2,0,0,3,0,0,0,10,6,0,0,0,3,0,0,0,0,0,0,0,0,0,1,0,0,0,0,0,0,0,0,0,0,0,0,0,0,0,0,0,0,0,0,0,0,0,0,0,0,0,0,0,0
1400000US44009051202,44009051202,"Census Tract 512.02, Washington County, Rhode Island",3561,3495,3313,54,77,37,0,14,66,55,6,11,13,0,6,16,0,0,1,0,0,0,0,0,2,10,7,0,0,1,0,0,2,0,0,0,0,0,0,0,0,0,0,0,0,0,1,0,0,0,0,0,0,0,0,0,1,0,0,0,0,0,0,0,0,0,0,0,0,0,0
1400000US44009051302,44009051302,"Census Tract 513.02, Washington County, Rhode Island",3360,3338,3294,13,11,17,1,2,22,20,4,7,2,0,1,2,0,0,0,3,0,0,1,0,0,2,1,0,0,1,0,0,0,0,0,0,0,0,0,0,0,0,0,0,0,0,0,0,0,0,0,0,0,0,0,0,0,0,0,0,0,0,0,0,0,0,0,0,0,0,0
1400000US44009051304,44009051304,"Census Tract 513.04, Washington County, Rhode Island",1596,1590,1555,17,4,9,1,4,6,6,1,4,1,0,0,0,0,0,0,0,0,0,0,0,0,0,0,0,0,0,0,0,0,0,0,0,0,0,0,0,0,0,0,0,0,0,0,0,0,0,0,0,0,0,0,0,0,0,0,0,0,0,0,0,0,0,0,0,0,0,0
1400000US44009051305,44009051305,"Census Tract 513.05, Washington County, Rhode Island",3125,3088,2906,23,40,109,0,10,37,32,3,14,5,1,0,9,0,0,0,0,0,0,0,0,0,5,5,0,0,0,0,0,0,0,0,0,0,0,0,0,0,0,0,0,0,0,0,0,0,0,0,0,0,0,0,0,0,0,0,0,0,0,0,0,0,0,0,0,0,0,0
1400000US44009051306,44009051306,"Census Tract 513.06, Washington County, Rhode Island",4637,4581,4192,49,41,263,1,35,56,51,9,11,9,0,3,5,0,0,1,1,0,0,0,12,0,5,4,0,0,0,1,0,0,0,0,0,0,0,0,0,0,0,0,0,0,0,0,0,0,0,0,0,0,0,0,0,0,0,0,0,0,0,0,0,0,0,0,0,0,0,0
1400000US44009051400,44009051400,"Census Tract 514, Washington County, Rhode Island",5605,5481,4729,371,19,214,5,143,124,110,33,6,27,2,11,14,1,0,7,2,0,0,1,3,3,13,10,1,0,1,0,0,0,0,1,0,0,0,0,0,0,0,0,0,0,0,1,0,0,0,0,0,0,1,0,0,0,0,0,0,0,0,0,0,0,0,0,0,0,0,0
1400000US44009051502,44009051502,"Census Tract 515.02, Washington County, Rhode Island",5882,5839,5676,42,31,62,1,27,43,37,10,10,10,0,1,6,0,0,0,0,0,0,0,0,0,6,3,0,0,1,1,0,1,0,0,0,0,0,0,0,0,0,0,0,0,0,0,0,0,0,0,0,0,0,0,0,0,0,0,0,0,0,0,0,0,0,0,0,0,0,0
1400000US44009051503,44009051503,"Census Tract 515.03, Washington County, Rhode Island",3694,3668,3550,37,33,31,2,15,26,24,2,8,7,0,1,4,2,0,0,0,0,0,0,0,0,2,1,0,0,1,0,0,0,0,0,0,0,0,0,0,0,0,0,0,0,0,0,0,0,0,0,0,0,0,0,0,0,0,0,0,0,0,0,0,0,0,0,0,0,0,0
1400000US44009051504,44009051504,"Census Tract 515.04, Washington County, Rhode Island",4023,3986,3906,20,21,22,1,16,37,32,6,5,13,2,0,5,0,0,0,0,0,0,1,0,0,3,3,0,0,0,0,0,0,0,0,0,0,0,0,0,0,0,0,0,0,0,0,0,0,0,0,0,0,0,0,0,0,0,0,0,0,0,2,2,0,0,0,0,0,0,0
1400000US44009990100,44009990100,"Census Tract 9901, Washington County, Rhode Island",0,0,0,0,0,0,0,0,0,0,0,0,0,0,0,0,0,0,0,0,0,0,0,0,0,0,0,0,0,0,0,0,0,0,0,0,0,0,0,0,0,0,0,0,0,0,0,0,0,0,0,0,0,0,0,0,0,0,0,0,0,0,0,0,0,0,0,0,0,0,0
1400000US44009990200,44009990200,"Census Tract 9902, Washington County, Rhode Island",0,0,0,0,0,0,0,0,0,0,0,0,0,0,0,0,0,0,0,0,0,0,0,0,0,0,0,0,0,0,0,0,0,0,0,0,0,0,0,0,0,0,0,0,0,0,0,0,0,0,0,0,0,0,0,0,0,0,0,0,0,0,0,0,0,0,0,0,0,0,0
